FrameNet frame,Definition
Abandonment,An Agent leaves behind a Theme effectively rendering it no longer within their control or of the normal security as one's property. 'Carolyn abandoned her car and jumped on a red double decker bus.' '...
Abounding_with,"A Location is filled or covered with the Theme. The Location is realized as the External Argument, and the Theme either as PP complement headed by with, in or of. NB: This frame does not include uses ..."
Absorb_heat,"An Entity (generally food) is exposed to a Heat_source whose Temperature may also be specified. Generally, the Entity undergoes some sort of change as a result of this process. 'Bacon was frying in th..."
Abundance,The Quantity of a Collection occurring in a Place has a particular Measure. The Measure of the Collection is referred to only in terms of how the Measure diverges from a norm for Collections of the sp...
Abusing,"In this frame an Abuser repeatedly treats the Victim in a cruel and violent way, including physically harming or forcing the Victim to engage in sexual activity against their will. The Victim usually ..."
Accompaniment,A Co_participant fills the same role as the Participant in an event or relation. '' 'The mayor was killed along with three bodyguards and his driver.' 'The doctor told me to take my regular pill in co...
Accomplishment,"After a period in which the Agent has been working on a Goal, the Agent manages to attain it. The Goal may be a desired state, or be conceptualized as an event. '' 'Jeremey obediently accomplished thi..."
Accoutrements,"A Wearer wears accessories, which are made of some Material and may have a Style. Most of the accessories are non-essential (clothing) items. 'She wore a black velvet hat on her head.'"
Accuracy,"An Agent is involved in an activity whose degree of success is dependent on a parameter of the action matching a particular set of values of a continuous variable or variables (e.g. quantity, location..."
Achieving_first,A Cognizer introduces a New_idea into society. 'It is difficult to imagine how different our lives would be without Edison's invention of the light bulb.'
Active_substance,A Substance causes an Effect. The Substance is produced by a process understood as directed towards the Effect. The Name for the material that makes up the substance may also be given. 'A rationale fo...
Activity_done_state,An Agent has completed an Activity. '' 'Finally I am done cleaning the apartment.' 'Construction on the new Safeway was done by October.'
Activity_finish,"An Agent finishes an Activity, which can no longer logically continue. This frame is a subframe of Activity. '' 'Jason completed grading the papers late Sunday night.' 'Upon completion of the final ex..."
Activity_ongoing,"An Agent is performing the portion of an Activity in which there is dynamic stability. '' 'Not noticing the hoards of people rushing by the window, Manny continued eating his lunch.' 'Keep living the ..."
Activity_pause,An Agent pauses in the course of an Activity. '' 'The government froze settlement construction in 1992 to facilitate peace talks.' 'The lifting of the nuclear freeze was deemed necessary to generate n...
Activity_prepare,An Agent prepares for an Activity. '' 'The troops were preparing themselves for the mission.' 'The boats are getting ready to leave the pier.'
Activity_ready_state,"The Protagonist is in an initial state, before beginning to be involved in the Activity, but all pre-conditions for performance of the Activity have been satisfied. In many cases, the Protagonist is a..."
Activity_resume,An Agent resumes participation in an Activity. Progress on the Activity is retained from before the interruption. 'Normal Service Will Be Resumed Shortly. CNI' The Kinshasa government has resumed supp...
Activity_start,"An Agent initiates the beginning of an ongoing Activity in which he will be continuously involved. '' 'At the same time, city-states began to grow in influence on the southern Greek mainland.' 'Natura..."
Activity_stop,"An Agent ceases an Activity without completing it. '' 'After the lawsuit, the company stopped producing the once very profitable toy.' 'The rugby club terminated negotiations with Argyll in September ..."
Actually_occurring_entity,"Against the background of a contextually salient non-real world, for instance a hypothetical, imagined, simulated, expected, projected, or dream world, an Instance of a Type encountered in a relation ..."
Addiction,"This frame concerns an Addict's physiological or psychological compulsive dependence on an Addictant, the substance or behavior to which the Addict is addicted. '' 'Although she was never a big fan of..."
Adding_up,A Cognizer computes a Result on the basis of input Numbers by addition. ' Add up your savings.' ' This is a cumulative figure obtained by adding up the cost of treating a given volume of specific dise...
Adducing,"A Speaker mentions a Specified_entity filling a Role, thereby providing information which supports a point of the Speaker. 'He cites the chief original observations adduced by Darwin as evidence for h..."
Adjacency,"A Figure is located adjacent to a Ground. This is equivalent to the Figure and Ground either constituting or being associated with a zone, with each zone in contact with the zone of the other. 'The tw..."
Adjusting,"An Agent changes a Part of a complex entity with regard to some Feature in order to achieve some Imposed_purpose affected by the Feature. The complex entity is often a device or mechanism, but may als..."
Adopt_selection,"An Agent has an Attribute which can take different Values, and the Agent selects and then begins to use some Value for that Attribute. The Attribute includes both physical (shape, color) and abstract ..."
Aesthetics,An Entity is judged to be sensually pleasing or intellectually interesting to a (generally implicit) Judge. 'We saw this beautiful boat with the red sails several times' 'We camped here on the beach a...
Affirm_or_deny,"A Speaker uses language to affirm or deny the truth of a Message to some Addressee. Instead of (or in addition to) a Speaker, a Medium may also be mentioned. Likewise, a Topic may be stated instead of..."
Age,"An Entity has existed for a length of time, the Age. The Age can be characterized as a value of the age Attribute, or a Degree modifier may express the deviation of the Age from the norm. The Expresso..."
Aggregate,This frame contains nouns denoting Aggregates of Individuals. The Aggregates may be described by an Aggregate_property. 'An army of postal workers descended on my office.'
Aging,An Entity is undergoing a change in age typically associated with some deterioration or change in state. 'This bark ages and turns black.' 'The U.S. is to upgrade aging missile defense systems with ad...
Agree_or_refuse_to_act,"A Speaker either agrees to or refuses to engage in a Proposed_action, proposed by an Interlocutor. '' 'They agreed to express their outrage with editorials in today's paper.' 'The man's refusal to acc..."
Agriculture,In this frame an Agriculturist cultivates Food. The location or Ground where the Food is cultivated by the Agriculturist is often expressed. '' 'Peasants were encouraged to cultivate basic food crops ...
Aiming,"An Agent adjusts an Instrument to enable it to interact directly with a difficult-to-access Target_location. Usually, there is a Targeted entity at the Target_location which is mentioned in its place...."
Alliance,"After having worked separately for some time, two or more organizational or individual Members are now organized in an Alliance so that they may better pursue some common Purposes. The formerly separa..."
Alternatives,"There exist a number of different possible Situations that may happen in the future. (In some cases, the Situation is concurrent or past, and only the knowledge of which has happened is in the future...."
Amalgamation,"These words refer to Parts merging to form a Whole. (The Parts may also be encoded as Part_1 and Part_2.) There is a symmetrical relationship between the components that undergo the process, and after..."
Amassing,"A Recipient (who may or may not be agentive) ends up in possession of a Mass_theme (which may be conceptualized as a single mass entity, or may be a group of individual entities). Some lexical units (..."
Ambient_temperature,"The Temperature in a certain environment, determined by Time and Place, is specified. 'It's too hot to do anything today.' 'Nome is pretty cold this time of year' 'Last Tuesday was a real scorcher.' '..."
Ammunition,A piece of Ammunition is a disposable artifact to be fired as a projectile in a weapon with the purpose of causing harm or damage. 'The octagenarian inventor's vest repels armor-piercing bullets. ' 'I...
Amounting_to,The absolute Value of a quantifiable Attribute of an item is determined by adding up the values for the Attribute of the individuals or parts that make up the item. The item is not expressed as a sepa...
Animals,"The LUs in this frame refer to biological entities other than human beings and plants, which are labeled by the FE Animal. '' 'My husband and I adopted a really sweet dog last year.' 'The cows that li..."
Annoyance,"An Experiencer, Expressor, or State has a feeling of annoyance as evoked by a Stimulus or concerning a Topic. 'Peck was annoyed at the interruption.' 'Maggie noted his rather irritated expression.'"
Appeal,In the Appeal stage of the criminal process the Convict or his or her Representative applies to a higher Court to reverse the Decision of the lower court on certain Grounds. ' The defense plans to app...
Appellations,This frame is only for words that are used as the Titles of individuals. The Title is applied to a Name (surname or full name) and often designates their rank within a man-made institution (e.g. chief...
Apply_heat,"A Cook applies heat to Food, where the Temperature_setting of the heat and Duration of application may be specified. A Heating_instrument, generally indicated by a locative phrase, may also be express..."
Appointing,"A Selector, often an individual in a leadership role, appoints a Official to assume an official Role in an organization (which can be expressed as the Body). 'Press secretaries accredit journalists to..."
Architectural_part,An entity is integrated into a building as a Part of a (possibly unexpressed) Whole which may refer to the whole building or merely to a sub-part of the building. 'We need new counters for the kitchen...
Armor,"An Asset, the safety of which is desirable, is protected from damage by a covering, the Armor. The Armor covers part or all of the Asset and is designed to absorb force from an oncoming Danger. 'They ..."
Arraignment,"At a court hearing, a Defendant is informed of the Charges against him or her, (usually) enters a plea, and a decision is made by a Judge as to the amount of bail, if any. '' 'Mortimer and Isabella we..."
Arranging,"An Agent puts a complex Theme into a particular Configuration, which can be a proper order, a correct or suitable sequence, or a spatial position. 'He arranged the elements in the pattern that we now ..."
Arrest,"Authorities charge a Suspect, who is under suspicion of having committed a crime (the Charges), and take him/her into custody.'The police arrested Harry on charges of manslaughter.'"
Arriving,"An object Theme moves in the direction of a Goal. The Goal may be expressed or it may be understood from context, but its is always implied by the verb itself. '' 'Some students arrived at the school ..."
Arson,"A Perpetrator intentionally sets fire to his own or someone else's property, often in order to collect an insurance payment on this property. 'Two men were charged with arson.'"
Artifact,"An Artifact is deliberately made or modified by an intelligent entity to be put to a certain kind of Use. Various properties of the Artifact may be specified, such as its Creator, Time_of_creation, Na..."
Artifact_subpart,"A Component has a distinct Function in the operation of a complex Artifact, which is not regarded as complete unless it is assembled from a number of different Components. Each Component may also be d..."
Artificiality,An Entity is evaluated for whether or not it belongs to a particular Reference_category in a context where its category membership is doubtful. The criterion or criteria that are relevant to evaluatin...
Artistic_style,This frame contains LUs that express the Form which a piece of Artwork represents. The Form may also represent the entire body of an Artist's work. The Form may be further characterized by the Time of...
Assemble,"In this frame a group of Individuals intentionally come together to form a Group. Alternatively, a grammatically more prominent Party_1 assembles with a Party_2, expressed as an oblique phrase. If thi..."
Assessing,"An Assessor examines a Phenomenon to figure out its Value according to some Feature of the Phenomenon. This Value is a factor in determining the acceptability of the Phenomenon. In some cases, a Metho..."
Assigned_location,"An Individual is assigned a Station to remain at, usually in order to accomplish a task. The Station may have an intended use based on its features (e.g., a vendor's booth), or it may be temporarily a..."
Assistance,A Helper benefits a Benefited_party by enabling the culmination of a Goal that the Benefited_party has. A Focal_entity that is involved in reaching the Goal may stand in for it. This Frame has unique ...
Atonement,An Agent has committed a Wrong in the past and is making Amends for it. The Degree to which the Amends are adequate may also be expressed. 'He atoned for his sin with good works.'
Attaching,The Attaching frame covers two situations: a scene in which somebody causes one thing to be physically connected to something else; or a scene in which somebody causes two things to be connected to ea...
Attack,"An Assailant physically attacks a Victim (which is usually but not always sentient), causing or intending to cause the Victim physical damage. A Weapon used by the Assailant may also be mentioned, in ..."
Attempt,An Agent attempts to achieve a Goal. The Outcome may also be mentioned explicitly. 'John attempted to climb Mt. Everest.' 'It was another failed attempt to climb Mt. Everest.'
Attempt_means,"An Agent attempts to achieve a Goal using some Means. 'John tried using a crowbar to open the door.' 'They tried opening the window in order to rob the store.' Very frequently, an entity involved in a..."
Attempt_obtain_food_scenario,A Seeker is trying to obtain Food and is seeking it within the context of a Ground.
Attempt_suasion,The Speaker expresses through language his wish to get the Addressee to act in some way that will help to bring about events or states described in the Content. There is no implication that the Addres...
Attending,An Agent goes to an Event and is present in a relatively non-participatory way. 'The Angolan guerrillas will attend a September meeting in Zaire.' 'We just go to the movies when it rains.' 'His attend...
Attention,This frame concerns a Perceiver's state of readiness to process and consider impressions of a Figure within a Ground. It is often unknown to the Perceiver whether or not the Figure exists within the G...
Attention_getting,"This frame covers terms used to get someone's attention, including Interjections (e.g. hey, yo) and certain terms of address (Address_term), the latter of which may serve the function of attention get..."
Attitude_description,The lexical units in this frame are descriptions of a Cognizer's Attitude about or outlook on a State_of_affairs. '' 'Carl is becoming more pessimistic about the negotiations every day.' 'The benefits...
Attributed_information,"A Proposition is attributed to a Speaker or a Text. 'According to the Press Trust of India in an article published on its Web site Thursday, the woman has been identified as 31-year-old Aafia Siddiqui..."
Authority,An Agent has the means to affect a Theme along the lines of a certain Domain. There is an imbalance of influence or power within a certain Domain that favors the Agent (often due to some Source) over ...
Avoiding,"An Agent avoids an Undesirable_situation under certain Circumstances. That situation may be an activity (e.g. going to school), or an entity (perhaps) metonymic for such an activity or situation (e.g...."
Awareness,"A Cognizer has a piece of Content in their model of the world. The Content is not necessarily present due to immediate perception, but usually, rather, due to deduction from perceivables. In some case..."
Awareness_status,"Some Content is part of the mental model of a Cognizer. The Cognizer arrives at the mental model not by direct perception but by reasoning from perceived phenomena. Alternatively, the Role of a partic..."
Bail_decision,"This frame covers a step in a criminal process in which a Judge decides whether the Accused should be released on bail, and, if so, what the amount of the bail should be. '' 'Thorsen, of Grimstad, Nor..."
Be_in_agreement_on_action,"Two (or more) people (the Parties, also encodable as Party_1 and Party_2) have an agreement. Both sides are construed as having a commitment to an Obligation--the relationship is understood to be symm..."
Be_in_agreement_on_assessment,"The Cognizers have a similarity (or dissimilarity) in their Opinion. The Cognizers may be expressed separately, with Cognizer_2 being the basis for establishing the Opinion of Cognizer_1. Rather than ..."
Be_on_alert,A Protagonist has become aware of a possible Danger (a dangerous event or a Dangerous_entity that might participate in an event harmful to the Protagonist) and is ready to engage in an Activity in res...
Be_subset_of,A Part is considered to be a member of the set described by the Total. The relationship between Part and Total subset-superset rather than part-whole (as it is in the frames Part_whole and Including)....
Be_translation_equivalent,A Target_symbol in a Target_representation system is presented as equivalent to a Source_symbol in a Source_representation system in the ability to express a particular Content. 'The term employment a...
Bearing_arms,A Protagonist has (or does not have) a Weapon. The Degree to which the Protagonist is armed may also be described. The Protagonist is normally a human but may be a device that has subsidiary weapons. ...
Beat_opponent,A Winner has victory over an Loser. 'He always beats me at chess.'
Becoming,"An Entity ends up with some Final_quality--a new fact about the Entity. Alternatively, based on a cluster of changes of characteristics, the Entitynewly meets the conditions for being a member of a Fi..."
Becoming_a_member,A New_member becomes a member of a socially-constructed Group. 'Seven new members and the three countries joined the alliance five years ago.' 'Most new students enroll in a university without declari...
Becoming_attached,"An Item comes to be attached to a Goal, with a Connector forming a bond between the Handle of the Item and the Goal (or some part of it). Alternatively, multiple Items may form a bond between each oth..."
Becoming_aware,"Words in this frame have to do with a Cognizer adding some Phenomenon to their model of the world. They are similar to Coming-to-believe words, except the latter generally involve reasoning from Evide..."
Becoming_detached,The Becoming_detached frame covers two situations: a scene in which one thing comes to be physically detached from something else; or a scene in which two things come to be disconnected from each othe...
Becoming_dry,An Entity loses moisture with the outcome of being in a dry state. 'The slab dries very quickly.'
Becoming_separated,"A Whole separates into Parts, or one part of a whole, called Part_1, becomes separate from the remaining portion, Part_2. 'This small channel meanders through marsh and wetland, splitting into several..."
Becoming_silent,"In this frame a Speaker ceases speaking, sometimes about a particular Topic. An Expressor may also be indicated. '' The words of this frame are very frequently used imperatively, to the extent that ce..."
Becoming_visible,An Entity that is previously not visible to a Perceiver becomes visible. 'The armada appeared on the horizon at sunset.' 'The captain ordered his men to dig at the X and the corner of a chest appeared...
Behind_the_scenes,"Artists work at various tasks that further the completion of a film, play, television show, or other similar Production. Artists never appear on stage or in front of a camera. Some (e.g., a director) ..."
Being_active,"An Agent is described as pursuing an Activity, expending some effort. The Agent may be active in a particular Role. Alternatively, the Activity itself may be described as having an Agent who is expend..."
Being_at_risk,"An Asset is in a state where it is exposed to or otherwise liable to be affected by a Harmful_event, which may be metonymically evoked by reference to a Dangerous_entity. Words expressing relative saf..."
Being_attached,"An Item is attached by a Handle, via a Connector, to a Goal, or Items are attached to each other. There may be a Dependent_state, which depends crucially on Item(s) being attached. 'My thumb was stuck..."
Being_awake,A Protagonist is awake at some Time and Place. This entails the Protagonist having a higher general level of awareness of the surroundings than when asleep. 'He's awake!'
Being_born,"This frame concerns the inception of the life of a Child, generally human, at a particular Time and Place. The Relatives may also be mentioned. 'Little Jessie came into the world at 8 last night.'"
Being_detached,"An Item is detached from a Source, or Items are detached from each other. 'When the snow plow is disconnected from the vehicle, extend the lift cylinder to the end of its stroke and coat the chrome ro..."
Being_dry,An Item is in a state of dryness. 'The shingles are dry.' 'The apple is completely dehydrated.' ' The mop is dry.'
Being_employed,"An Employee has a Position doing work in a particular Field, or doing work on a particular Task, for which an Employer gives Compensation to the Employee. ' Undocumented foreigners are working as buil..."
Being_in_captivity,A Theme is held in captivity by an Agent or Cause. 'Twenty soldiers were in captivity for over a month before they were released' 'I never release my prisoners.' 'She couldn't believe she was prisoner...
Being_in_category,"An Item belongs to a Category, as (often implicitly) conceived of by a Cognizer. 'To me this counts as historical fiction because it is based on real events.'"
Being_in_control,"A Controlling_entity has control of a Dependent_entity, Dependent_situation, or Dependent_variable. 'She was in control of the empire within two days.' This frame is distinct from Control in that the ..."
Being_in_effect,"A particular Binding_principle is (or is not) operative, that is, any obligations, restrictions, and any other aspects of the Binding_principle are (or are not) in effect. The Binding_principle can be..."
Being_in_operation,A Device or machine is in (or out of) service. Note that being broken or functional is a separate issue from being turned on or off. This latter notion is what the present frame is concerned with. The...
Being_incarcerated,A Prisoner is punished for committing a Crime by being confined to a Prison for a specified period of time. 'Phil's serving time at Pelican Bay.'
Being_located,A Theme is in a stable position with respect to a Location. 'Our offices are located about two miles south of I-85 .'
Being_named,This frame concerns entities conventionally being referred to by particular names. 'Her name was Lola.'
Being_necessary,A Dependent state-of-affairs has a Requirement as a prerequisite for obtaining or occurring. 'The atomic bombings were probably not necessary to win WWII without a mainland invasion of Japan.' 'We wil...
Being_obligated,"Under some Condition, usually left implicit, a Responsible_party is required to perform some Duty. If they do not perform the Duty, there may be some undesirable Consequence, which may or may not be s..."
Being_obligatory,"Under some Condition, usually left implicit, a Duty needs to be fulfilled by a Responsible_party. If the Duty is not performed, there may be some undesirable Consequence for the Responsible_party, whi..."
Being_operational,An Object with an understood function is or is not in a state ready to perform that function. 'The remote is almost broken.' 'Hand me that broken watch so I can throw it away.'
Being_questionable,"In this frame, an Entity or Behavior is suspicious or otherwise subject to question. The general implication is that the Entity or Behavior provides evidence for some (as yet unproven) socially undesi..."
Being_relevant,"A Phenomenon is related to some cognitive action, the Endeavor, of a Cognizer. In many LUs, the Cognizer is null-instantiated and implied as being the speaker or another participant of the Endeavor. '..."
Being_rotted,"An organic item, the Patient, has undergone the natural process of rotting and decaying with a possible expression of the Degree to which the rotting has occurred. 'The coconut milk became rancid.'"
Being_up_to_it,"An Entity meets the pre-conditions for participating in an Activity that is judged to be difficult for it to participate in, either due to inherent properties of the Entity or temporary Circumstances...."
Being_wet,"An Item is in a state of wetness with the possibility of the wetting Liquid being mentioned, along with the Degree of wetness. ' The mop is drenched with water from last night's rain.'"
Besieging,"An Assailant, a group of armed forces, surrounds the Victim, a military location and the people within it, in an attempt to cut the Victim off from the outside, with the goal of either forcing their s..."
Beyond_compare,"Compared to its Competitors, a Standard is at the high end of a scale with respect to some Variable. The Competitors are frequently not realized syntactically. 'The taxpayer is supporting a system unm..."
Billing,A Billing_authority communicates in written form that the Debtor owes the Owed_party (often the same as the Billing_authority) some amount of Money for certain Goods (including services) provided by t...
Biological_area,"This frame contains words that denote large ecological areas as well as smaller locations characterized by the type of life present--in other words, geography locations as defined by biota. 'I've spen..."
Biological_classification,This frame has to do with scientific taxonomy. The lexical units in this frame include the seven major classifications in which organisms are grouped based on common biological characteristics. These ...
Biological_entity,"The LUs in this frame refer to biological entities labeled by the FE Organism. An Organism is described as something that can be alive, or have naturally occuring biological processes and functions; h..."
Biological_mechanisms,A trigger mechanism brings about a change in a biological system. 'The reflex increases cardiac output.'
Biological_urge,"An Experiencer is in a State where a biological urge is signaling the need to perform a certain action such as eating, drinking, stopping exertion, sleeping, regurgitating, or having sex. The Duration..."
Board_vehicle,"A Traveller boards a Vehicle that they intend to use as a means of transportation either as a passenger or as a driver. 'On the 5th of December, 1834, we embarked on board the merchant ship Hellespont..."
Body_decoration,This frame concerns the decorations that human beings have on or apply to their bodies. 'Abby rarely wears lipstick.'
Body_description_holistic,"This frame covers descriptions of an entire human body, viewed as a gestalt (as opposed to descriptions based on salient body parts). The Frame Elements are Individual and Figure. 'Chuck is muscular.'..."
Body_description_part,This frame is concerned with words that describe a person based on a salient part of their body. 'He was a blonde guy.' 'He was a peg-leg.'
Body_mark,In this frame a Body_mark is present on a Possessor's body. It may be located at an Attachment and have a Descriptor. A Cause may also be indicated. It may be a temporary condition or a permanent one....
Body_movement,"This frame contains words for motions or actions an Agent performs using some part of his/her body. A number of words in this frame occur as blends with Communication, in which the action has an Addre..."
Body_parts,"This frame covers words for Body_part(s) (BP) belonging to a Possessor (Poss), which may be characterized by a Descriptor (Desc). The location of the BP may be identified in terms of its Attachment or..."
Bond_maturation,"A Financial_instrument (a bond or insurance) fulfills a condition at a certain Time after which the Issuer of the Financial_instrument is legally obligated to pay the Holder a monetary Value, based on..."
Borrowing,The Borrower takes possession of a Theme with the knowledge that the Borrower will have to give the Theme back to the Lender after a Duration of time. This frame differs from the Lending frame in that...
Boundary,"This frame contains words that describe a Boundary between two Entities. In many cases, the Boundary is the border between an Entity and some unnamed space, generally conceived of as empty. 'The canyo..."
Bragging,"A Speaker talks about a Topic, which may be an action performed by the Speaker or an entity or state of affairs that they are associated with in order to suggest that the Speaker is worthy of admirati..."
Breaking_apart,"A Whole breaks apart into Pieces, resulting in the loss of the Whole (and in most cases, no piece that has a separate function). 'The plane violently broke apart in mid-air.' 'And then, I finally real..."
Breaking_off,An single Subpart breaks off from a Whole. 'The original sword may have chipped off of the statue long ago.'
Breaking_out_captive,An Agent brings about the end of a Theme's captivity at a Location_of_confinement in contravention of the plans or desires of a captor. 'His accomplice freed him from Sing Sing prison thanks to his di...
Breathing,"An Agent causes Air to move in a direction, usually specifying either in or out of the body. 'Lee breathed the hot desert air.'"
Bringing,"This frame concerns the movement of a Theme and an Agent and/or Carrier. The Agent, a person or other sentient entity, controls the shared Path by moving the Theme during the motion. In other words, t..."
Building,"This frame describes assembly or construction actions, where an Agent joins Components together to form a Created_entity, which is profiled, and hence the object of the verb. 'Jack built a new house o..."
Building_subparts,This frame includes words that name subparts of buildings that can be occupied by people. 'Mary left the room in a huff.'
Buildings,"This frame contains words which name permanent fixed structures forming an enclosure and providing protection from the elements. 'The baroque church, built in 1635, has a very rich interior' 'The city..."
Bungling,An Agent performs an Action incorrectly. The affected Patient may be mentioned metonymically for the Action. 'Mickey botched that swing.' 'Julia bungled the cake.'
Burying,An Agent or Cause places a Theme under a surface (often the ground) into a Goal location. 'The suspect buried his gun in the ground while fleeing the police.'
Business_closure,"A business locale, the Entity, ceases to provide services and closes. 'Exxon went under.'"
Businesses,A Proprietor owns or runs a Business which provides a Product (which may be goods or services). 'The consumer electronics company Apple has exploded with popularity in recent years.'
Cache,"A hidden Cache of a Resource is kept safe and available for later Use. The existence, location, and other information about the Cache is kept secret by the Possessor. 'They no doubt had to move their ..."
Calendric_unit,"Words in this frame name the different parts of the calendric cycle, both man-made and natural. The Unit (e.g. Tuesday) specifies some time period as part of a specific larger temporal Whole (Tuesday ..."
Candidness,"This frame contains adjectives and nouns that describe the truth or sincerity of communication. These words, analogously to behaver-evaluating words, can apply either to Speakers or to the Messages th..."
Capability,An Entity meets the pre-conditions for participating in an Event. A Degree modifier may be included to indicate by how much the Entity exceeds or falls short of the minimum requirements. 'Conductor so...
Capacity,An Entity has the ability to contain a Theme. 'Our facility seats up to 500 people.'
Capital_stock,"This frame concerns Stock, a purchasable and sellable asset representing a Shareholder's share in a company (the Issuer). Stock entitles the Shareholder to profits of the Issuer company, as determined..."
Cardinal_numbers,This frame presents a situation where there is a certain Number of instances of an Entity or a certain Number that quantifies a Unit. Numbers are used to count any kind of Entity that has distinct ind...
Carry_goods,"A Distributor sells, lends, or otherwise distributes a class of Goods. In the prototypical case, the Distributor is a retailer who generally keeps some type of Goods on site for the purpose of selling..."
Catastrophe,The words in this frame involve an Undesirable_event which affects the Patient negatively. No agent need be involved. '' 'The first calamity was a disastrous trade war with Holland.' 'It is sad to hav...
Catching_fire,"A Fuel, some flammable object or substance, ends up on fire. In this frame, the cause of the fire is not the primary concern, but rather the fact that a fire started. In rare cases, only the Fire is m..."
Categorization,"A Cognizer construes an Item as belonging to a certain Category. In this process, the Cognizer may either passively perceive the Item and note that it fits the Criteria for a Category, or, alternative..."
Causation,"A Cause causes an Effect. Alternatively, an Actor, a participant of a (implicit) Cause, may stand in for the Cause. The entity Affected by the Causation may stand in for the overall Effect situation o..."
Cause_bodily_experience,An Agent or Cause affects a Body_part of an Experiencer so that the quality of the Experiencer's perceptual experience of the Body_part is qualitatively changed. 'Chandra massaged Liliana's wrist beca...
Cause_change,"An Agent or Cause causes an Entity to change, either in its category membership or in terms of the value of an Attribute. In the former case, an Initial_category and a Final_category may be expressed,..."
Cause_change_of_consistency,In this frame an Agent or Cause changes the consistency of a Patient from its Initial_state to a Result. This may take place under certain Circumstances for a Purpose or Reason in a certain Manner. A ...
Cause_change_of_phase,"A Cause or Agent causes a Patient to undergo a change of phase. The Result of the change may be given, along with the Initial_state and the Circumstances under which the change can occur. Note that th..."
Cause_change_of_position_on_a_scale,This frame consists of words that indicate that an Agent or a Cause affects the position of an Item on some scale (the Attribute) to change it from an initial value (Value_1) to an end value (Value_2)...
Cause_change_of_strength,"An Agent causes a Patient to be more strong, often resulting in something that is more secure and safe. 'Local Serbs are strengthening their grip on a narrow corridor along the Sava River between two ..."
Cause_emotion,An Agent acts to cause a Experiencer to feel a certain emotion. 'I was so offended by her behaviour towards me.' 'It does not matter if the cartoon is insulting to men.'
Cause_expansion,An Agent or non-human Cause causes an Item to change its physical size. The Size_change of an Item may be explicitly indicated or characterized in terms of Initial_size and/or Result_size. In the defa...
Cause_fluidic_motion,An Agent or a Cause causes a Fluid to move from a Source to a Goal along a Path or within an Area. 'I splattered red paint nearby.'
Cause_harm,The words in this frame describe situations in which an Agent or a Cause injures a Victim. The Body_part of the Victim which is most directly affected may also be mentioned in the place of the Victim....
Cause_impact,"An Agent causes an Impactor to make sudden, forcible contact with an Impactee, or manipulates two (or more) Impactors so that they make mutual forcible contact. 'He slammed his fist down on the table ..."
Cause_motion,"An Agent causes a Theme to move from a Source, along a Path, to a Goal. Different members of the frame emphasize the trajectory to different degrees, and a given instance of the frame will usually lea..."
Cause_proliferation_in_number,"An Agent (or inanimate Cause) affects a Set so that the number of entities that make up the Set changes from an Initial_number to a Final_number. Alternatively, the situation can be described in terms..."
Cause_temperature_change,"In this frame, an Agent changes the temperature of an Item. A Temperature_goal can specify the desired temperature. A Temperature_change can also be indicated. The Temperature_start indicates the init..."
Cause_to_amalgamate,"These words refer to an Agent joining Parts to form a Whole. (The Parts may also be encoded as Part_1 and Part_2.) There is a symmetrical relationship between the components that undergo the process, ..."
Cause_to_be_dry,"An Agent causes a Dryee (either a surface or an entire entity, inside and out) to become dry. This should not include examples like ""drying tears"" or ""drying spills"" as these are in the Removing frame..."
Cause_to_be_included,An Agent or Cause makes a New_member part of Group. The Group may be represented by an individual Existing_member if it implies the existence of a set of members. 'I added a new rock to my collection....
Cause_to_be_sharp,An Agent or Cause makes a Patient sharper or duller. An Instrument or Means may be mentioned. 'John is in the basement sharpening his axe.'
Cause_to_be_wet,"An Agent causes a Patient to be wet with a Liquid. In this frame, the Liquid can be a liquid or gas. Patients are porous objects, but not hollow (like containers). 'Jo soaked the dog with water.' 'Ell..."
Cause_to_continue,An Agent or Cause causes a Process or State to continue. ' The goaltenders kept the game going with terrific saves.'
Cause_to_end,"An Agent or Cause causes a Process or State to end. 'Bush may lift sanctions on his own, despite opposition.'"
Cause_to_experience,An Agent intentionally seeks to bring about an internal mental or emotional state in the Experiencer. This frame in closely related to Experiencer_obj. ' Samantha terrorized the children into screamin...
Cause_to_fragment,"An Agent suddenly and often violently separates the Whole_patient into two or more smaller Pieces, resulting in the Whole_patient no longer existing as such. Several lexical items are marked with the ..."
Cause_to_land,"An Operator maneuvers onto land a Vehicle which typically does not operate on land, e.g., an airplane or boat. 'The terrified pilot landed the passenger-filled airplane into the river.'"
Cause_to_make_noise,An Agent manipulates a Sound_maker or a Cause causes the Sound_maker to emit a sound. 'The monks would ring the bell until sundown.'
Cause_to_make_progress,An Agent works on a Project so that it reaches a more advanced and desirable state. 'I improve FrameNet.'
Cause_to_move_in_place,"An Agent causes a Theme to move with respect to a certain Fixed_location, generally with a certain Periodicity, without undergoing unbounded translational motion or significant alteration of configura..."
Cause_to_perceive,"An Agent, Actor, Entity, or Medium causes a Phenomenon to be perceived by a Perceiver. With an Actor, Entity, or Medium, the Perceiver is usually unspecified. 'Aileen showed Rob the book.' 'He exhibit..."
Cause_to_resume,An Agent acts so as to cause some process to begin again after an interruption or suspension. 'The two countries revived diplomatic relations after a lull of five years.'
Cause_to_rot,"An Patient, which is an organic substance, undergoes the natural process of decay due to a Cause (or Agent). 'Moisture rotted the bread.'"
Cause_to_start,"A Cause, animate or inanimate, causes a process, the Effect, to begin. 'The murder of Sergei Kirov set off a chain of events that culminated in the Great Terror of the 1930s.' 'Space email sparked ast..."
Cause_to_wake,An Agent or Cause causes a Sleeper to transition from the Sleep_state to wakeful consciousness. 'The earthquake woke me from a nightmare.'
Ceasing_to_be,"An Entity ceases to exist. 'Entire platoons have mysteriously vanished from battle, leaving enemy weapons to slice through empty air.'"
Certainty,This frame concerns a Cognizer's certainty about the correctness of beliefs or expectations. It only includes uses where a Cognizer is expressed. 'Lermontov was certain he would come to the party.'
Change_accessibility,"An Agent causes a Useful_location to become accessible (or non-accessible) to a Theme to a certain Degree. Instead of the Useful_location, the scene may be described with reference to a Portal (or par..."
Change_direction,"A Theme that is in motion assumes a new Direction in which it moves. 'We took our chances and turned right by a petrol station and, bingo, there she was--Fir Park.' 'Molly followed silently as Desmond..."
Change_event_duration,"In this frame, an Agent or Cause changes the duration of an Event. The Event will then take place for a New_duration, rather than the Initial_duration. This can be done with by certain Means, in a cer..."
Change_event_time,"In this frame, an Agent or Cause changes the timing of an Event. The Event will then take place at the Destination_time or with respect to a Destination_event. This can be done with by certain Means, ..."
Change_of_consistency,In this frame a Patient changes its consistency. There may be a Initial_state and a Result. Note that this frame contrasts with Change_of_phase in that this frame describes a change in a Patient withi...
Change_of_leadership,"This frame concerns the appointment of a New_leader or removal from office of an Old_leader. The Selector brings about the change in leadership, for example, by electing or overthrowing a leader. Some..."
Change_of_phase,In this frame a Patient undergoes a change of phase. Note that this frame contrasts with Change_of_consistency in that this frame describes a change of a Patient between different phases (i.e. solid t...
Change_of_quantity_of_possession,This frame describes a general situation in which an Owner either increases or decreases their amount of a Possession. The increase or decrease may either be physical or metaphorical. 'The plant lost ...
Change_of_temperature,"In this frame, the temperature of an Item changes. An Initial_temperature, Final_temperature, or Temperature_change can also be indicated. 'The house had cooled off by a few more degrees by midnight, ..."
Change_operational_state,A Device or machine is put in (or out of) service either by a volitional Agent or by a Cause event or force acting on the Device. The Time when and the Place where the Device is put in or out of use m...
Change_position_on_a_scale,This frame consists of words that indicate the change of an Item's position on a scale (the Attribute) from a starting point (Initial_value) to an end point (Final_value). The direction (Path) of the ...
Change_post-state,The frame represents the result state of the Entity after event represented by the Undergo_change frame. The intial states of the Undergo_change frame Initial_quality and Initial_situation are also FE...
Change_posture,A Protagonist changes the overall position and posture of the body. 'Smithers leaned forward to grab the folder on the far side.'
Change_resistance,"An Agent changes a Patient's ability to resist literal or figurative attack. This frame differs from Cause_change_of_strength only in that the Patient is restricted to acting as a defensive force, i.e..."
Change_tool,"An Agent changes Tools, from the Old_tool to a New_tool. The Tools may include vehicles, services providers, or more proto-typical implements. 'If this happens one more time, we 're going to switch op..."
Chaos,"The lexical units in this frame have to do with an Entity being in a State of order or disorder. Often the Entity is unexpressed in this frame and is, therefore, marked as a null instantiation. '' 'So..."
Chatting,"A group of people (the Interlocutors or Interlocutor_1 and Interlocutor_2 together) have a conversation. No person is construed as only a speaker or only an addressee. Rather, it is understood that bo..."
Chemical-sense_description,"This frame covers the descriptions of tastes and smells, and has one main frame element, Source. The frame element Sensory_attribute occurs mainly with the words taste, flavour, and smell. 'The almond..."
Chemical_potency,This frame contains words that describe how potent a chemical is.
Choosing,A Cognizer decides upon the Chosen (either an item or a course of action) out of a set of Possibilities . The Cognizer may have an Inherent_purpose or a Larger_purpose for the Chosen. Often an Explana...
Circumscribed_existence,"An Entity is understood to be experienceable within a particular set of delimited Circumstances, which may be more narrowly expressed by a Time, Place. 'This type of behavior occurs in several primate..."
Citing,"A Defendant is officially summoned to appear in Court by an Authority (such as the police) based on certain Charges. Alternatively, there is often an option for the Defendant to pay a Fine (thereby ad..."
Claim_ownership,"A Claimant asserts his or her right to possession of a piece of Property (either real, such as land, or private). The Claimant may be acting on the behalf of a Beneficiary. 'The King claims this land ..."
Clemency,An Executive_authority exercises their power to reduce or remove negative consequences for someone who has been labeled an Offender who participated in an Crime. 'A Fort Worth man convicted of a robbe...
Closure,"An Agent manipulates a Fastener to open or close a Containing_object (e.g. coat, jar). Sometimes an Enclosed_region or a Container_portal may be expressed. Since the Manipulator is syntactically omiss..."
Clothing,"This frame refers to clothing and its characteristics, including anything that people conventionally wear. The Wearer wears a Garment that has a certain Style, is made of a certain Material, and can b..."
Clothing_parts,"The Subparts of Clothing items worn by a Wearer and made of a certain Material. The Subpart may itself have parts, which we label Subregion: 'The shirt features a long sleeve with shiny gold buttons.'"
Co-association,"Two or more individuals have a relationship by virtue of belonging to the same organization or institution. They may or may not be personally acquainted, and may or may not have chosen to have the rel..."
Cogitation,"A person, the Cognizer, thinks about a Topic over a period of time. What is thought about may be a course of action that the person might take, or something more general. 'The men were silently mullin..."
Cognitive_connection,"A concept, Concept_1, is related causally or collocationally to another concept, Concept_2 by means of some evidence. They may be related only under certain Circumstances or from a certain Point_of_vi..."
Cognitive_impact,"A Phenomenon (an external or cognitive event or situation) comes into the awareness of an Experiencer, resulting in a perceptually punctual change in the Experiencer's conception of the Phenomenon or ..."
Coincidence,"A State_of_affairs (a state or event) either holds or occurs, and is presented as being causally independent of other (implicit) states or events that might otherwise have been expected to be causally..."
Collaboration,Partner_1 and Partner_2 or a group of Partners work together in some Undertaking. The Partners are taken to be of equal status even when expressed disjointly. ' CSTR actively collaborates with the Dep...
Colonization,A group of Colonists from a Homeland migrate to and proceed to settle in a New_area. The New_area then becomes their permanent home. The New_area and Homeland are in some way construed as being part o...
Color,"A Color serves as a landmark in color-space, either a point-like landmark (e.g. burnt sienna) or a broader region (e.g. blue). Especially when the Color designates a broad region in color-space, it ma..."
Color_qualities,This frame contains words that describe specific aspects of a Color. The Degree to which the Color being discussed deviates from the prototype may be marked. The description may also target a specific...
Come_down_with,"A Protagonist comes to suffer from a Disease, often implicitly acquired from a Source. 'She got the measles .' 'The virus when acquired from environmental sources is often less severe .' 'I 'm afraid ..."
Come_into_effect,"A Binding_principle, previously only existing as a concept or formulation, enters an ""active"" phase or state. Often, the enactments of rules and regulations are described with this frame. 'The new cur..."
Come_together,"In this frame a group of Individuals meet to form a Configuration. The Individuals or the Configuration may be expressed as the external argument of the predicates in this frame. In this frame, it is ..."
Coming_to_be,"An Entity comes into existence at a particular Place and Time which may take a certain Duration_of_endstate, have a Cause, or be formed from Components. 'Problems may arise whenever an S1 sophont ente..."
Coming_to_believe,"A person (the Cognizer) comes to believe something (the Content), sometimes after a process of reasoning. This change in belief is usually initiated by a person or piece of Evidence. Occasionally word..."
Coming_up_with,"Words in this frame have to do with a Cognizer creating a new intellectual entity, the Idea. These words are similar to words of physical creation such as build and make, and in some cases may be unde..."
Commemorative,This frame describes a particular compounding construction (a pattern of coinage) by which more complex words can be created by joining an Honored_entity to a Dedicated_type to describe a particular D...
Commerce_buy,"These are words describing a basic commercial transaction involving a Buyer and a Seller exchanging Money and Goods, taking the perspective of the Buyer. The words vary individually in the patterns of..."
Commerce_collect,Subframe of Commerce_money-transfer in which the Seller comes to have the Money. 'The man at the counter collected payment from Lee for his dry-cleaning.'
Commerce_pay,"This frame involves Buyers paying Money for Goods. In this frame the Money is the direct object, and is mapped to the theme of the transfer. 'I paid her $50 for a video game.'"
Commerce_scenario,"Commerce is a situation in which a Buyer and a Seller have agreed upon an exchange of Money and Goods (possibly after a negotiation), and then perform the exchange, optionally carrying it out with var..."
Commerce_sell,"These are words describing basic commercial transactions involving a buyer and a seller exchanging money and goods, taking the perspective of the seller. The words vary individually in the patterns of..."
Commercial_transaction,These are words that describe basic commercial transactions involving a Buyer and a Seller who exchange Money and Goods. The individual words vary in the frame element realization patterns. For exampl...
Commitment,A Speaker makes a commitment to an Addressee to carry out some future action. This may be an action desirable (as with promise) or not desirable (as with threaten) to the Addressee. Some of the words ...
Committing_crime,"A Perpetrator (generally intentionally) commits a Crime, i.e. does something not permitted by the laws of society. 'They perpetrated a felony by substituting a lie for negotiations.' 'The suspect had ..."
Commonality,"This frame contains words that describe a set of individuals which possess some Commonality, generally a common attribute. 'Their common enemy was Britain.'"
Communicate_categorization,"A Speaker communicates a message stating an Item's membership in a Category, i.e., asserts that the Item has the defining characteristics of the Category. Alternatively, the message is conceived as co..."
Communication,"A Communicator conveys a Message to an Addressee; the Topic and Medium of the communication also may be expressed. This frame includes no specification of the method of communication (speech, writing,..."
Communication_manner,The words in this frame describe Manners of verbal communication. All of them can occur with quoted expressions. 'He slurred his confession.'
Communication_means,This frame concerns Communicators communicating with each other with the aid of a Means of communication such as a telephone. 'I faxed him a resume.'
Communication_noise,This frame contains words for types of noise which can be used to characterize verbal communication. It inherits from Communication (possibly more specifically Communication_manner) and the Sound_emis...
Communication_response,"This frame deals with a Speaker communicating a reply or response, a Message, to some prior communication or action, the Trigger. '' 'The landlord has not yet replied in writing to the tenant objectin..."
Commutation,"An Executive_authority exchanges one penalty, the Original_punishment, for another less severe one, the New_punishment. The Offender is who received the Original_punishment is usually expressed as a m..."
Commutative_process,"LUs in this frame describe a commutative operation of arithmetic, e.g. addition and multiplication, involving two numbers, labeled Term1 and Term2 or, collectively, Terms. When referencing the process..."
Commutative_statement,"LUs in this frame describe a stative relationship between two numbers,Term1 and Term2 or, collectively, Terms, via a commutative arithmetic operation. The numbers are specifically expressed, along wit..."
Compatibility,"Item-1 and Item-2 are compatible with each other if they can exist or function together in some context without problems, conflict, or other undesirable situation. The set of Item-1 and Item-2 may be ..."
Competition,"This frame is concerned with the idea that people (Participant_1, Participant_2, or Participants) participate in an organized, rule-governed activity (the Competition) in order to achieve some advanta..."
Complaining,"A Complainer communicates their negative emotional reaction to some state of affairs in a Complaint to an Addressee. As an alternative to the specific Complaint, the Topic of the speaker's Complaint m..."
Completeness,"A Whole, an entity with a substructure, is assessed for whether or not it has all the necessary parts that are defined for it or for an entity of its kind. The entity can be a concrete physical thing,..."
Compliance,This frame concerns Acts and State_of_Affairs for which Protagonists are responsible and which either follow or violate some set of rules or Norms. '' 'A lot of people suspect that blocking savers' ac...
Concessive,"A speaker marks a Conceded_state_of_affairs as being or implying a contradiction to the Main_assertion. Some LUs specify the Main_assertion, others the Conceded_state_of_affairs, as referring to the p..."
Condition_symptom_relation,"A Patient has a Medical_condition that can be understood by its Symptoms. This frame has been constructed to list all the ways to speak of relating a Patient, a Medical_condition, and Symptoms, includ..."
Conditional_occurrence,"A Consequence is presented as occurring if the Profiled_possibility occurs. See Conditional_scenario for further information. 'If you take too long , the train will leave without you .'"
Conduct,An Agent acts in a certain Manner either generally or under some particular Circumstances. The conduct may also be directed specifically towards an Affected_party. ' He pledges to conduct himself with...
Conferring_benefit,"A Benefactor confers a Beneficial_situation to a Beneficiary. Unlike in Commerce_scenario, the recipient is not necessarily required to pay for the good or service that they receive. Therefore, the el..."
Confronting_problem,An Agent becomes involved in an Issue which has negative consequences for them. The Agent will normally respond to resolve the Issue. 'I confronted both issues.'
Connecting_architecture,An entity is integrated into a building as a Part of a (possibly unexpressed) Whole which may refer to the whole building or merely to a sub-part of the building. The Part itself connects locations wi...
Connectors,The Connector is an artifact created to affix a Connected_item or to bind onto a Fixed_location and is primarily so used. A more specific Use may also be specified. Certain words in this frame (e.g. b...
Conquering,This frame describes a Theme losing its autonomy and perhaps sustaining material damage as the result of a successful invasion on the behalf of a Conqueror. 'The Spaniards conquered the Incas with bot...
Contacting,"A Communicator (whose Location may be indicated) directs a Communication to an Addressee at a particular Address. Note that no actual successful communicative act is implied, only the successful compl..."
Containers,"This frame covers entities which are prototypically conceived of and created to fulfill the function of containing--i.e. Containers that contain objects or substances, the Contents. This can be expres..."
Containing,In this frame a Container holds within its physical boundaries the Contents. 'The box holds three hundred pictures.'
Contingency,"The answer to one open question, the Outcome, is dictated (partially or completely) by the answer to another open question, the Determinant, i.e. if the answer to the Determinant is known, the answer ..."
Continued_state_of_affairs,"A State_of_affairs has held and continues to hold up to the Reference_occasion. 'To date, the Department already has numerous requests for new systems to be developed.' 'SAGE has no activities planned..."
Contrary_circumstances,An Event takes place despite the existence of an Adversity that would otherwise support Contrary_circumstances or results. '' 'He finished the race despite his ankle breaking.'
Contrition,"An Experiencer feels bad about a choice, an Action, or a failure to do something, which they now consider to have been a mistake or wrong. The emotional state of the Experiencer may be showing in gest..."
Control,"A Controlling_entity, Controlling_situation, or Controlling_variable control a Dependent_entity, Dependent_situation, or Dependent_variable. The latter, dependent, element or some aspect of it is not ..."
Controller_object,"This frame contains items which, when manipulated, alter the function of some device, internal or external. 'This button makes the radio turn on.'"
Convey_importance,"Through a Message, a Speaker (sometimes encoded metonymically by a Medium) communicates the relative importance of the state of affairs denoted by the Message. 'Reid emphasized that he and Dean meet e..."
Convoy,A Convoy consists of several Vehicles which move together to transport Cargo from a Source to a Goal. 'A convoy of several dozen vehicles was stopped at the border for several hours while border guard...
Cooking_creation,This frame describes food and meal preparation. A Cook creates a Produced_food from (raw) Ingredients. The Heating_Instrument and/or the Container may also be specified. 'Caitlin baked some cookies fr...
Corporal_punishment,Blend of Rewards_and_punishments and Bodily_injury in which the Agent performs some action intended to cause Bodily harm to the Evaluee as a consequence of some action or belief of the Evaluee (the Re...
Correctness,A particular piece of Information is evaluated for its accuracy. The Degree of correctness may also be expressed. The Source of information may also metonymically stand in for the Information. 'Is you...
Corroding,"In this frame the Patient, an inorganic item, undergoes a chemical process which renders it less useful, desirable or stable. '' ' The bike rusted. ''The metal corroded into a mass of slime.' 'The bik..."
Corroding_caused,"In this frame, the Patient, an inorganic item, undergoes a chemical process caused by another entity, which renders it less useful, desirable or stable. The process may or may not be under the control..."
Cotheme,This frame contains words that necessarily indicate the motion of two distinct objects. The Theme is typically animate and is expressed the same way a Self-mover is expressed in the Self-motion frame-...
Counterattack,"An Assailant physically attacks a Victim (which is usually but not always sentient), causing or intending to cause the Victim physical damage. The attack is a response to an earlier attack by the Vict..."
Court_examination,A Questioner asks a Witness (or defendant) questions in the context of a court procedure. 'We 'd like to cross-examine the witness if we can.'
Craft,"A particular Activity, performed conventionally or habitually by more than one Practitioner within a Culture, is described in terms of its method. 'One lived-in cabin also had a grassy roof, as if the..."
Create_physical_artwork,A Creator creates an artifact that is typically an iconic Representation of an actual or imagined entity or event. The Representation may also be evocative of an idea while not based on resemblance. '...
Create_representation,"A Creator produces a physical object which is to serve as a Representation of an actual or imagined entity or event, the Represented. 'Epstein saw the machine-man and carved him in shiny metal.' 'Pica..."
Creating,A Cause leads to the formation of a Created_entity. 'Dr. Frankenstein created a monster.'
Criminal_investigation,"This frame describes the process that involves the inquiry and determination by an authority, the Investigator, of the circumstances surrounding an Incident perpetrated by a Suspect. 'The police are i..."
Cure,"This frame deals with a Healer treating and curing an Affliction (the injuries, disease, or pain) of the Patient, sometimes also mentioning the use of a particular Treatment or Medication. This frame ..."
Custom,A Behavior is classified as entrenched for a Protagonist or a Society. The Behavior may be associated with a particular Domain of experience and described with a Descriptor. This indicates that the Be...
Cutting,"An Agent cuts a Item into Pieces using an Instrument (which may or may not be expressed). 'At the ceremony, the CEO cut the red ribbon hanging across the main entrance into a glorious confetti.'"
Damaging,"An Agent affects a Patient in such a way that the Patient (or some Subregion of the Patient) ends up in a non-canonical state. Often this non-canonical state is undesirable, and some lexical units (ma..."
Daring,An Agent performs some Action which is considered imprudent. This frame is distinct from Attempt in that the danger that the Agent puts themselves in by performing the Action is profiled. The danger i...
Dead_or_alive,"A Protagonist is in the dynamic, maintained state of being alive or has exited this state. 'Frank's dead body was apalling.'"
Death,"The words in this frame describe the death of a Protagonist. A Cause of death may also be expressed obliquely. '' 'The machine was not switched off, but Mr. Lavelle died of natural causes, police said..."
Deception_success,A Deceiver successfully causes a Victim to end up with incorrect beliefs about a Topic. The Victim comes to these beliefs from perceiving a Deception.
Deciding,"A Cognizer makes a Decision, which may be about an entity or a course of action. How (and whether) this frame is distinct from Choosing is currently up for debate. 'Mo decided to quit the program.'"
Defending,"A Defender responds to an Assailant's attack on a Victim by directly, and usually violently, countering it. 'Samantha stalwartly defended the gateway from the wraiths, crouching low over Stephen's pro..."
Degree,LUs in this frame modify a gradable attribute and describe intensities at the extreme positions on a scale. 'She is very brave.' 'It is that simple!' 'The feuds are so vicious because the stakes are s...
Degree_of_processing,"A Material has been processed (generally industrially) to some Degree in order to make it more useful for some (usually implicit) function. In some cases, an Alterant is used to process the Material. ..."
Delimitation_of_diversity,"An Item which encompasses characteristics or types whose diversity is indicated by adducing a Limit1 and a Limit2 which differ considerably from each other. In some cases, the Limit2 and Limit1 are co..."
Delivery,"A Deliverer hands off a Theme to a Recipient or (more indirectly) a Goal location, which is accessible to the Recipient. 'The staff of Ebags delivered the umbrella well ahead of schedule.' 'In each cl..."
Deny_or_grant_permission,"In this frame, an Authority allows a Protagonist to know (in some way) that they may or may not engage in an Action. For lexical units of this frame marked with the semantic type ""Negative"", e.g., aut..."
Departing,"An object (the Theme) moves away from a Source. The Source may be expressed or it may be understood from context, but its existence is always implied by the departing word itself. 'The plane leaves at..."
Deserving,"The existence of a State_of_affairs is sufficient reason for taking an Action . The agent who is justified in taking the suggested Action is not part of the immediate scene, however. 'The underwater s..."
Desirability,"This frame concerns an Evaluee being judged for its quality, i.e. how much it would probably be liked. In many cases, the Evaluee is implicitly judged good or bad relative to other instances of its ty..."
Desirable_event,A particular State_of_affairs is desirable. The State_of_affairs may be required to achieve a Purpose. A set of Circumstances may be specified under which the assessment of desirability holds. 'You sh...
Desiring,"An Experiencer desires that an Event occur. (Note that commonly a resultant state of the Event will stand in for the Event.) In some cases, the Experiencer is an active participant in the Event, and i..."
Destiny,An State_of_affairs will come to hold with respect to a Protagonist at some future time. The Protagonist is not conceived of as having control over whether the State_of_affairs will hold: obscurely re...
Destroying,"A Destroyer (a conscious entity) or Cause (an event, or an entity involved in such an event) affects the Patient negatively so that the Patient no longer exists. 'An asteroid obliterated the dinosaurs..."
Detaching,The Detaching frame covers two situations: a scene in which somebody causes one thing to be physically detached from something else; or a scene in which somebody causes two things to be disconnected f...
Detaining,The Authorities hold a Suspect under suspicion of having committed a crime (Charges). The Holding_location and period of detention (Duration) may also be specified. 'The police held Mr. Smith in the s...
Detonate_explosive,An Agent causes an Explosive device to explode. 'Who detonated that bomb?'
Differentiation,"Words in this frame have to do with a Cognizer being aware (or not being aware) of the difference between two Phenomena, which may be expressed jointly or disjointly. 'It is very difficult for people ..."
Difficulty,"An Experiencer has an easy or difficult time carrying out an Activity. The ease or difficulty associated with the Activity seems to often be associated with a prominent participant. However, we consid..."
Dimension,"This frame concerns words that express an Object's position on a scale, its Measurement, with respect to some attribute, its Dimension. Location, identifying the sub-region of the Object where the Dim..."
Direction,"This frame covers the basic uses of direction words like the adverbs east, up, and forward. These are used either to talk about a direction of facing (e.g., facing outward, pointing left, looking down..."
Directional_locative_relation,"A Figure is located relative to a (presumably more easily located) Ground, asserting that the Figure lies (approximately) on line from the Ground whose direction is established by semantic types of th..."
Discussion,"Two (or more) people (the Interlocutors, also encodable as Interlocutor_1 and Interlocutor_2) talk to one another. No person is construed as only a speaker or only an addressee. Rather, it is understo..."
Disembarking,"A Traveller leaves from or dismounts a Vehicle. 'The passengers disembarked in Southampton.' 'They then informed the passengers that, if the aircraft were to leave the runway, they would likely be dep..."
Disgraceful_situation,An implicit cognizer judges that a particular State_of_affairs for which a Protagonist is responsible is socially unacceptable. 'He called it a disgraceful situation. INI' 'To my mind it was undoubted...
Dispersal,"An Agent or a Cause disperses or scatters Individuals from the Source,a relatively confined space, to a the Goal_area, a broader space. 'She scattered his ashes in the bay.'"
Distant_operated_IED,"A improvised explosive device, the Bomb, is rigged to detonate when it receives a signal, typically by a wire that leads to a trigger. The trigger may be operated directly by the Detonator, in which c..."
Distinctiveness,A Feature of an Entity serves to distinguish the Entity from other members of its type which have a different value for the Feature. Note that the Entity is often implicit. 'His distinctive flowing ga...
Distributed_position,"This frame involves a static (primarily spatial) relationship between a Location and a Theme, in which the Theme is located in many or all subregions of the Location, and is thus construable as coveri..."
Diversity,A Group is described as having members which are similar or dissimilar to each other. The Degree of similarity may also be expressed. Some of the nouns in this frame are transparent (e.g. range.n) whe...
Documents,Words in the frame refer to any Document that has a legal status or conventional social significance. Some Documents empower the Bearer of the Document to execute the Right. Others indicate the Obliga...
Dodging,"A Dodger acts to avoid an oncoming moving Bad_entity. 'Mo dodged the flower pot that Larry threw in disgust.' The motion is relative, since the Dodger may be moving. 'Jogging through the dense woods, ..."
Domain,A Predicate is said to apply in a particular Domain. The understanding of the relation between Domain and Predicate depends on the nature of the Predicate. When the Predicate is a complete proposition...
Dominate_competitor,"An Agent, by virtue of strength or forcefulness, controls, rules, or strongly influences some Patient in some Situation. 'The fireballing righthander looked poised to dominate the Yankees yet again, s..."
Dominate_situation,"An Agent acts so as to be the strongest force, or most important causal factor in some Situation, to the exclusion of other competing actors. 'York dominated the game as they held the ball on offense ..."
Dough_rising,"The LUs of this frame describe a lump of Dough expanding as gas develops inside it. This is part of a process where, in order to produce a lighter, more easily chewed bread, Dough is leavened with yea..."
Downing,"An Agent disables a flying or floating Patient, causing it to be unable to support itself in its current medium. 'It's rumored that she downed a helicopter with a precisely fired arrow.'"
Dressing,"A Wearer puts on an item of Clothing, which then occupies the Body_location. 'You didn't have to dress like a pirate to impress me. INI' 'He put on his thickest pair of gloves and then went back out t..."
Drop_in_on,"A Visitor arrives at the Host_location as a guest of the Host, for the purpose of achieving a Purpose. The Purpose is often social in nature, i.e., the visit itself constitutes a goal. 'I'm gonna drop..."
Dunking,"An Agent temporarily places a Theme into a Substance, often with the intention to remove it later. The Substance may be metonymically represented by its container. The Theme may be partially or comple..."
Duplication,"This frame involves a Creator making a duplicate, the Copy, of some Original entity. A Source, the location of the Original, and Goal, the location of the Copy, may be expressed. 'The teacher copied t..."
Duration_description,"An event or state (here termed an Eventuality) or time-Period is described in terms of the Degree to which its duration diverges from a standard. As is usual for gradable attributes, the standard of c..."
Duration_relation,"A Period or Eventuality is related to its Duration. Alternatively, an Entity may stand in metonymically for an Eventuality that it is involved in. 'You wouldn't last five minutes!'"
Dying,A Protagonist is near or approaching death. 'But a dying patient is still a living patient.'
Dynamism,"A physical Exerter, Action, or Force exerts energy at a level specified by the target. This frame covers both individual-level/static uses (""an INTENSE person"") as well as stage-level/dynamic uses (""a..."
Earnings_and_losses,"An Earner receives Earnings by providing Goods to a Buyer; providing the Goods also generally entails a cost, which may or may not be included in the consideration. This frame emphasizes the effect on..."
Eclipse,An Obstruction blocks an Eclipsed entity partially or completely from view. The positions of the Obstruction and the Eclipsed entity are often reported relative to a Vantage_point. 'A small green bulb...
Economy,"A Political_region, often a nation, has an economic system, theEconomy, defined by the level of production and consumption of goods and services. The Market_type or Domain may be specified. 'The Canad..."
Education_teaching,This frame contains words referring to teaching and the participants in teaching. A Student comes to learn either about a Subject; a Skill; a Precept; or a Fact as a result of instruction by a Teacher...
Electricity,"Lexical units in this frame refer to Electricity, in particular as a form of energy harnessed for particular uses (such as powering machines). The Source of the Electricity may also be expressed, or i..."
Elusive_goal,"An Experiencer does not achieve a Desired_goal. Typically, the Experiencer is the object of the verb. Metaphorically, a pursued entity is not captured. 'Success eludes me.' 'His point escaped the enti..."
Emanating,In this frame an Emission emanates from a Source along a Path or to a Goal. 'The light emanates from the tower.' ' The uranium particles radiate from the nuclear plant . '
Emergency,"This frame characterizes the situation or state of affairs in which someone should or must act to prevent a Undesirable_event from occurring. Often, an Entity affected by the Undesirable_event is more..."
Emergency_fire,A fire which burns and requires an emergency-type response.
Emitting,In this frame a Source_emitter discharges its Emission along a Path or to a Goal. ' (1) The factory exudes toxic fumes from three large chimneys.' The Sub-source is only present when the actual Source...
Emotion_active,"This frame has similarities to Experiencer_subject, but here the verbs are more 'active' in meaning. (For example, they often occur in negative imperatives, e.g. ""Don't worry!''). They also differ fro..."
Emotion_directed,The adjectives and nouns in this frame describe an Experiencer who is feeling or experiencing a particular emotional response to a Stimulus or about a Topic. There can also be a Circumstances under wh...
Emotion_heat,"This frame contains verbs that describe emotional experiences and participate in the locative alternation, as in the following examples: '' ' I was boiling with anger.' 'Anger was boiling inside me.' ..."
Emotions_by_stimulus,"An Experiencer, Expressor, Event, or State has an emotion as brought on by an Stimulus or Topic. 'The joyful reunion took place on Sunday.' 'The Polish-born Pope was driven past jubilant crowds.' 'I a..."
Emotions_of_mental_activity,An Experiencer can be described as having an emotion as induced by a Stimulus. 'The children enjoyed noise games and sing-songs.' 'The pleasures of eating are fleeting.' 'Diners delight in counter cul...
Emotions_success_or_failure,"A Topic or Stimulus fails or succeeds at causing an emotion in an Experiencer, which is conveyed by an Expressor or manifested in a State or description of an Event. 'They were dissatisfied with the a..."
Emphasizing,"An Agent who is engaged in an Undertaking accords a Degree of importance to a Consideration that influences the success of an Undertaking. As a consequence, the Agent acts in a way that reflects that ..."
Employing,An Employer employs an Employee whose Position entails that the Employee perform certain Tasks in exchange for Compensation. 'I employed him as Chief Gardener for ten years.'
Emptying,"These are words relating to emptying containers and clearing areas of some substance or items. The area or container can appear as the direct object with all these verbs, and is designated Source beca..."
Encoding,"A person (Speaker) expresses a Message or mental content, broadly understood, in a particular Manner. The content may be emotional, as in 'Humans express feelings through words' intellectual, as in 'F..."
Encounter,"This frame describes Individuals who unintentionally come together to form a Group. Alternatively, a grammatically more prominent Party_1 meets by chance a Party_2, expressed as an oblique phrase. '' ..."
Endangering,"An Agent or Cause is responsible for placing a Valued_entity at risk. Endangering_act, Place, Time, Reason, and Circumstance may also be specified. 'His actions have imperiled his immortal soul!' 'I a..."
Endeavor_failure,"Some individual or group ceases to be able to sustain an Endeavor (a long-term activity involving economic interaction with the public, often a business venture). Unlike Business_failure and Locale_cl..."
Enforcing,An Agent acts to ensure that a Rule (often a constraint on behavior) is being followed. The Agent's action is according to a general plan for Rules (such that implicit in the Rule is the affordance to...
Entering_of_plea,"The Accused enters a Plea in answer to the Charges. In most jurisdictions, the possible pleas are innocent, guilty, or nolo contendere. Accused persons may stand mute, in which case, the court usually..."
Entity,This frame is for words that denote highly schematic entities. 'We found an unusual wooden object in the desert.'
Entourage,"A group of Individuals form a group, the Entourage, which remains co-located with the Attended_person. The Entourage may have a specific Purpose for following the Attended_person, such as to protect o..."
Erasing,An Agent or Cause removes a piece of Information from a Document such that it cannot be retrieved. 'I deleted the last line from my essay.'
Escaping,A Self-moving Escapee departs from an Undesirable_location. 'Benjamin escaped from Germany.'
Estimated_value,A Cognizer has carried out an approximate calculation or considered some Evidence and produced an approximation of the Value of a feature of an Item. There are two alternative construals in which the ...
Estimating,"A Cognizer carries out an approximate calculation or considers some Evidence so as to arrive at an approximate Value for some Feature of an Item. There are two alternative construals. In one, the Feat..."
Evading,"An Evader moves under its own power to thereby avoid Capture or contact with a Pursuer, also generally moving under its own power. This frame characterizes a more specific event than Avoiding in that ..."
Evaluative_comparison,"This frame is about the static comparison of an Profiled_item to a Standard_item, often with respect to some Attribute. In this frame, there is an inherent asymmetry between Profiled_item and Standard..."
Event,An Event takes place at a Place and Time. 'Big earthquakes only happen along plate boundaries. INI ' 'The party will take place on Sunday in the all-you-can-eat buffet.'
Event_instance,This frame describes a particular instance of an event. 'These next two days will be the last two times that I'm here.'
Eventive_affecting,An Entity undergoes some change (the Event) that is (or is construed as) punctual. (This frame exists mainly to allow common FEs to be inherited.) 'This happens to me all the time.' 'The area was stru...
Eventive_cognizer_affecting,"An Event causes the Cognizer to accept some Content. Although the Cognizer forms an intention, it is not entailed that he/she acts. 'The divorce convinced him to get help.' 'The price of a factory rec..."
Evidence,"The Support, a phenomenon or fact, lends support to a claim or proposed course of action, the Proposition, where the Domain_of_relevance may also be expressed. Some of the words in this frame (e.g. ar..."
Evoking,Some Stimulus causes a Cognizer to think of a prior Phenomenon due to its perceived similarity. 'I burned down the malt shop where we used to go just because it reminds me of you'
Examination,This frame deals with testing or examination of someone's Knowledge or skill in a particular area. An Examiner conducts an Examination to an Examinee to determine the Examinee's Knowledge and/or deter...
Exchange,"Two parties, the Exchangers, each give and receive from the other Themes. The parties are also construable separately as Exchanger_1 and Exchanger_2, in which case the Themes may be construed separate..."
Exchange_currency,"A Money_owner exchanges Sum_1 in the Source_currency for Sum_2 in the Target_currency at some Exchange_service. 'After checking into the Intourist-operated $30-a-day Hotel Zerafshon, we each exchanged..."
Exclude_member,"A former Member of a Group ceases to be a member as a result of the action of an Authority within the Group. (In directly democratic Groups, the Authority may consist of the Group itself as a voting w..."
Excreting,An Excreter excretes Excreta. 'Principal Skinner burped on me.' 'Lenny and Karl pee three times a day.'
Execute_plan,"An Agent acts according to a Plan , carrying it out (or taking steps to carry it out). In some cases, the Agent is a focal participant in the Plan, although a separate Focal_participant may also be me..."
Execution,An Executioner punishes an individual (Executed) with death as a consequence of some action of the Evaluee (the Reason). 'The hooded man hanged the thief.'
Exemplar,This frame concerns a specific subset of Instances of a Type which are evaluated in terms of their similarity to a conceptual prototype of the Type. The judgment of exemplariness may be made along a c...
Exemplariness,"An Entity, with regard to a particular Domain, is representative of a conceptual prototype of the Comparison_set of which it is a member. 'Virginia Woolf is a prototypical Modernist author.'"
Exercising,"An Agent actively maintains or improves their level of phyiscal fitness. The action may target a specific Body_part, or happen through a particular Means. 'Football players exercise every day.' 'Don't..."
Existence,"An Entity is declared to exist, generally irrespective of its position or even the possibility of its position being specified. Time, Duration, Inherent_purpose, and State may also be mentioned. This ..."
Expansion,"An Item changes its physical size. The Size_change of an Item may be explicitly indicated or characterized in terms of Initial_size and/or Result_size. In the default case, expansion is along all dime..."
Expectation,Words in this frame have to do with a Cognizer believing that some Phenomenon will take place in the future. Some words in the frame (e.g. foresee.v) indicate that the Phenomenon is asserted also to b...
Expected_location_of_person,A Person usually resides or works in a Location. 'Is Mr. Adams in today? DNI'
Expend_resource,An Agent uses a Resource which is consumed and unavailable for future use. 'We exhausted our supply of oil long ago.'
Expensiveness,A Payer gives up (or potentially gives up) the use of an Asset (generally money) in order to achieve an Intended_event. This event is often more specifically described as gaining possession of some Go...
Experience_bodily_harm,"An Experiencer is involved in a bodily injury to a Body_part. (In some cases, no Body_part need be indicated.) Often an Injuring_entity on which the Experiencer injures themselves is mentioned. 'I thi..."
Experiencer_focus,"The words in this frame describe an Experiencer's emotions with respect to some Content. A Reason for the emotion may also be expressed. Although the Content may refer to an actual, current state of a..."
Experiencer_obj,Some phenomenon (the Stimulus) provokes a particular emotion in an Experiencer. 'Nightmare on Elm Street scared me silly.'
Experimentation,An Experimenter conducts an Experiment based on a Hypothesis. This Experiment contains a Control_group or Control_group_member which is compared with a Treatment_group or Treated_individual in order t...
Expertise,"This frame concerns people's knowledge or skill in certain domains. It does not concern acquaintance or familiarity with people. With adjectives as targets in this frame, we annotate on two FE layers...."
Explaining_the_facts,"A Question about the reason or cause of a known State_of_affairs is presented as being answered by the existence of a particular Fact. The exact chain of reasoning, including the answer itself, of whi..."
Explosion,"Due to chemical, nuclear, or other reactions, an Explosive explodes, potentially causing damage to the surrounding area. The Explosive is often, but need not be, a weapon. 'The bomb exploded in the mi..."
Exporting,An Exporter moves Goods across a border from an Exporting_area to an Importing_area. 'Several companies actually make most of their income by exporting goods out of the country.' 'Exportation into nat...
Expressing_publicly,A Communicator publically communicates some difficult-to-express Content which they (or a social group of which they are a member) have had for some time. The Content may not have been previously comm...
Extradition,"A Suspect in a Current_jurisdiction is forced by Authorities (of the Current_jurisdiction) to go to the Crime_jurisdiction, i.e. the jurisdiction which requested that the Suspect be handed over for tr..."
Extreme_point,"An Entity that has characteristics which change over time is at a point or in a phase of its development in which, compared to other actual or expected stages of development, it possesses extremely hi..."
Extreme_value,An Entity possesses a Value for a certain Attribute which is extreme when compared to the values either of other entities or to values of the same Entity at other points of time. 'Airfares hit a 10-ye...
Facial_expression,The words in this frame refer to facial Expressions and the Possessors of those Expressions. 'His lackluster smile revealed his disappointment.'
Fairness_evaluation,"In this frame an Action is evaluated with respect to how fairly, justly or equitably the Action affects the Affected_party. An Actor may also be identified, who performs the Action and may be characte..."
Fall_asleep,A Sleeper goes from wakefulness to an altered state of consciousness where they are largely unaware of their environment. The LUs of this frame are differentiated by how quickly and deeply the state i...
Fall_for,"A Victim comes to have incorrect beliefs as a result of exposure to a Deception. The Deception is necessarily orchestrated by one or more agents, though these are not expressible by the LUs in this fr..."
Fame,"An Entity is well-known among a wide range of people (in general or in a particular domain) for a particular Reason, which may be a behavior, characteristic, or some other associated item. In the case..."
Familiarity,"An Entity is presented as having been seen or experienced by a (typically generic and backgrounded) Cognizer on a certain number of occasions, causing the Entity to have a certain degree of recognizab..."
Fastener,"The Fastener is an artifact created to close a Container (e.g. coat, jar). Sometimes, the Container_portal rather than the Container is expressed. 'The door seal prevented air from getting in and the ..."
Fear,"An Experiencer, Expressor, or State can be described as characterized as having an emotion of fear concerning a particular Topic or as evoked by a Stimulus. 'I was scared by a bump in the night.'"
Feeling,In this frame an Experiencer experiences an Emotion or is in an Emotional_state. There can also be an Evaluation of the internal experiential state. 'John feels anger towards his mother.' 'Martha feel...
Feigning,An Agent acts in such a way as to give the incorrect impression to observers that a particular State_of_affairs holds. 'Jordan feigned a love of jazz music to get her phone number .'
Fields,"An individual or group (Practitioner) or a part of their work life (Work) is defined professionally by the Activity that they typically engage in. Alternatively, the Activity may be indicated by a Sal..."
Fighting_activity,"A generally large group of people, the Combatants, are engaged in a chaotic, violent, and usually protracted Fight amongst themselves. There are no distinct sides, and generally no particular goal (co..."
Filling,"These are words relating to filling containers and covering areas with some thing, things or substance, the Theme. The area or container can appear as the direct object with all these verbs, and is de..."
Fining,The Payer is (legally) forced to pay a Fine by an official Speaker as a punishment for some action (the Reason). The Speaker represents an entity which receives the payment. 'They were fined approxima...
Finish_competition,"A Competition comes to an end, with a Competitor tying, winning, or losing against an Opponent (or opponents) according to their Score. (In the symmetrical situation of a tie, the Competitor and Oppon..."
Finish_game,"A Player finishes a Game, possibly with an outcome of winning or losing. A Game is an activity that is considered recreational, and is valued for associated pleasure, as well as social interaction, ma..."
Fire_break,"This frame pertains to Fire_breaks, entities intended to prevent a fire from traveling in a direction. They are constructed by removing combustible/flammable material from the predicted path of the fl..."
Fire_burning,"A Fire burns Fuel, resulting in damage and possibly complete destruction of the Fuel. 'A fire that started on Saturday afternoon, the High Glade Fire - located on the Mendocino National Forest's Upper..."
Fire_going_out,A Fire goes out. 'The fire is expected to burn out within a week.'
Firefighting,"This frame characterizes the situation or state of affairs in which someone acts to prevent a Fire_disaster from occurring, accelerating, or affecting any area not identified as a Controlled_area. The..."
Firing,An Employer ends an employment relationship with an Employee. There is often a Reason given for the action. 'He fired me as annotator for being too slow.'
Firing_point,A location from which a Detonator activates a distantly-located explosive device. 'Locating the firing point of remote control IEDs is no easy task.' 'The first task is to determine where he located h...
First_experience,"An implicit experiencer has an Experience for the first time. Some LU's may specifically imply an agentive activity. 'In Italy the term was first used by the Venetians in 1546' 'This time, the comet w..."
First_rank,"An Item is located at the top end of a scale of importance or social rank (or some other Attribute) in comparison to other members of a Contrast_set (usually, implicit) that is otherwise similar in ki..."
Fleeing,A Self_mover responds to a (real or imagined) danger by moving away from it. 'She had fled from DCS facilities several times before..' 'Pakistanis in US trying to flee to Canada hit roadblocks.' 'Ande...
Fluidic_motion,In this frame a Fluid moves from a Source to a Goal along a Path or within an Area. ' The blood spurted from the wound. ''The water gushed into the house . '
Food,"This frame contains words referring to items of food. 'Specialties include deep fried shredded beef , duck , prawn dishes and hand-made noodles.'"
Food_gathering,A Gatherer removes Crop ripe and ready to an accepted degree. The Crop comes from a Source where it has been grown and matured. 'They harvest their pumpkins in the Autumn. INI ' 'We bring in the tobac...
Foreign_or_domestic_country,A Current_country is identified as matching or not matching the instance of the Discourse_salient_country. 'Foreign sales account for only 20% of IBM's income .'
Forging,"An Agent produces a Forgery, an entity that they intend to pass off as a particular (instance of) a Standard. An instance of the Standard may actually exist that served as an original that is copied b..."
Forgiveness,"A Judge refrains from imposing, or demanding a punishment for an Evaluee who has committed an Offense. 'God forgives repentant sinners.' 'Won't you forgive me for keeping it a secret?'"
Forgoing,AForgoer decides not to partake in something ordinary that is otherwise Desirable. 'Chuck often skips lunch.'
Forming_relationships,Partner_1 interacts with Partner_2 (also collectively expressible as Partners) to change their social relationship. 'I befriended the little pony by giving him a piece of apple.'
Freeing_from_confinement,"An Agent causes a Theme which was held captive to be free from a Location_of_confinement, against the wishes of the captors. 'Two men disguised as guards sprung a convicted killer from prison last nig..."
Frequency,This frame has to do with the repetition (and especially the frequency of repetition) of an event. Many of the adjectives and adverbs in this frame are based on nouns in the Calendric_unit frame. 'Chi...
Friction,"A Theme moves on or against the surface of a Static_object. (Alternatively, Themes moves against each other simultaneously). The Theme exerts pressure on the surface and experiences resistance to its ..."
Friendly_or_hostile,"Two parties or individuals are on the same side or on different sides of a (typically military) conflict. The two sides may be expressed jointly as the Sides, or separately as Side_1 and Side_2. 'We r..."
Front_for,"An individual or organization, the Front, serves as a cover for an Illicit_activity or an Illicit_organization. 'The laundromat is a front for the Yakuza.'"
Frugality,The words of this frame describe how a Resource_controller spends money or other Resources for a particular purpose . They can be applied to the Resource_controller or to their Behavior in particular ...
Fugitive,A Fugitive avoids recapture by or on the authority of Authorities in relation to a Crime which the Fugitive has committed or is suspected of having committed. 'He is in fact a fugitive of the law and ...
Fullness,"A Container is in a state of fullness/emptiness with respect to some Contents. Note the connection between words in this frame and those in the Containers, Emptying, and Filling frames. 'John carried ..."
Function,An Entity is designed for or exists to perform an Activity or fulfill a Role. '' 'This platform will serve as a great stage for tomorrow's play.' 'The ropes serve to tie things together.'
Funding,"A Supplier gives funds to a Recipient to fulfill a need or purpose (Imposed_purpose) of the Recipient. 'The University funded Paige so that she could complete her doctorate.' '' Often, the Imposed_pur..."
Gathering_up,"This frame describes an Agent's gathering of Individuals (people or entities) into a group, the Aggregate, defined by relative proximity. 'The police gathered the suspects into a line-up.' Compare thi..."
Gesture,The words in this frame have to do with non-verbal communication. Topic is not normally expressed with these words. This seems to be related to the absence of a verbal code in cases of gestural commun...
Get_a_job,"A new Employee obtains a Position with an Employer, with which there are certain Tasks associated; in exchange for the performance of these Tasks, the Employee receives Compensation from the Employer...."
Getting,"A Recipient starts off without the Theme in their possession, and then comes to possess it. Although the Source from which the Theme came is logically necessary, the Recipient and its changing relatio..."
Getting_triggered,A System interacts with the environment (which may include a volitional agent) and goes into operation in accordance with its intended purpose. 'The alarm went off as she walked through the entrance.'...
Getting_underway,A Self_mover begins the motion away from a relatively deprofiled Source location. The focus is on the motion rather than on the location that is being departed. The label Self_mover here also includes...
Getting_up,"A Protagonist leaves the place where they have slept, their Bed, to begin or resume domestic, professional, or other activities. Getting up is distinct from Waking up, which is concerned only with the..."
Getting_vehicle_underway,"A Driver prepares a Vehicle for travel by placing it in the normal location for the operation of the vehicle or by detaching it from a place where it was held. 'Throughout Irish history, countless gen..."
Give_impression,"In this class of perception words, a Phenomenon, typically expressed as External Argument, and its perceptual characteristics are given some description. This may be a Characterization describing pure..."
Giving,A Donor transfers a Theme from a Donor to a Recipient. This frame includes only actions that are initiated by the Donor (the one that starts out owning the Theme). Sentences (even metaphorical ones) m...
Giving_birth,A Mother and Father produce a Child or an Egg. 'Betty bore Gerry three intelligent daughters.'
Giving_in,"A Capitulator who has been opposing a Force, which is typically exerted by a Compeller, ceases opposing that Force. As a result, the Force runs its course and an Issue is resolved against the interest..."
Gizmo,This frame contains general words denoting equipment where the Use or purpose is not specified by the lexeme but (typically) by a separate expression. The words are described with respect to the Use f...
Go_into_shape,"A Theme, which may or may not have a default shape or configuration, goes into a particular shape without being made to do so by an agent. Depending on the type of shape, there may be a Locus about wh..."
Goal,A Landmark (in combination with the image schema evoked by particular targets) serves to pick out the final location of a Trajector in a construed or actual motion event. 'Flights into Denver are not ...
Going_back_on_a_commitment,"A Protagonist has made a Commitment but does not honor it, thereby doing harm to an Affected_party. 'My buddy Tom's girlfriend backed out of going to the show with me.' 'However, the employer then bac..."
Gradable_artistic_quality,"This frame contains LUs that ascribe an artistic quality to a work. This frame does not contain ""period"" words such as ""romantic"" or ""classical"". 'With its lack of decor, the church seems quite auster..."
Gradable_proximity,A Figure is (stably) located with respect to a Ground in terms of how the distance between them compares to some general or contextually relevant scale. The Degree of divergence from the expected dist...
Graph_shape,This frame descibes a Shape that Data makes on a Graph. 'The trace of the first trial on the graph on the right shows a sharp increase after stage 1.'
Grasp,"A Cognizer possesses knowledge about the workings, significance, or meaning of an idea or object, which we call Phenomenon, and is able to make predictions about the behavior or occurrence of the Phen..."
Grinding,In this frame a Grinder or Grinding_cause causes a Patient to be broken into smaller pieces. A Result or Goal can be present.'Bill ground the coffee beans into a fine powder.'
Grooming,"In this frame, an Agent engages in personal body care by grooming either a Patient or a Body_part. An Instrument can be used in this process as well as a Medium. 'She washed the baby.'"
Ground_up,In this frame a Patient is in a state of having been broken into smaller pieces. ' We enjoy eating ground beef . '
Growing_food,A Grower endeavors to tend to and influence the environment of Food so as to foster its growth. 'I grow my own vegetables.'
Guest_and_host,"Two individuals, the Guest and the Host are in a temporary social relationship within which the Host provides use of a location or resources for the Guest at a location highly associated with the Host..."
Guilt_or_innocence,An Accused individual is deemed by a (usually implicit) Judge to be involved (or not) in a Misdeed. 'I am innocent of this crime and so is James Griffiths . ' 'It is possible that the Frauleins Krabbe...
Gusto,"A Person has a particular mental state and the ability to engage in an activity with enthusiasm, energy, and positivity."
Hair_configuration,"Temporary or permanent Styles and Configurations of Hair, as well as its inherent Nature. Note that Attachment and Body Part will generally be incorporated in the lexical meanings. Subregions (e.g. ro..."
Halt,"This frame consists of LUs which denote a Theme ceasing motion. 'Peter stopped immediately and span to see Aeryn frozen where she stood.' 'He stopped at the door, not wanting to see what he knew must ..."
Have_as_requirement,The obtaining of a Requirement state of affairs or the presence of a Required_entity is profiled as a prerequisite for the obtaining or occurring of a Dependent state-of-affairs. 'This game demands gr...
Have_as_translation_equivalent,A Source_symbol in a Source_representation system is presented to be matched by a Target_symbol in a Target_representation in the ability to express a particular Content. 'A palintonon or palintone tr...
Have_associated,A Topical_entity has properties which are affected by the existence and association of an Entity. 'By the 1920s a characteristic book had black and white photographic illustrations only .' 'Their scho...
Have_visitor_over,"A Host, at a location strongly associated with him/herself (such as a place of employment or residence), temporarily hosts a Visitor so that the Visitor can achieve a goal. The purpose of the visit is..."
Having_or_lacking_access,A Theme has access to a Useful_location or is blocked from it by a Barrier. '' 'Making services accessible to those with special needs is expensive.' 'I don't have access to the safe.' 'The regime has...
Health_response,"A Protagonist is sensitive to a Trigger, which has the potential to cause some kind of reaction in the Protagonist. '' 'Mr. Clinton and his wife Hillary are allergic to cats.' 'On top of this, he has ..."
Hearsay,"The Hearer receives a Message or communication on a particular Topic. Words in this frame denote events of verbal communication, but express the Hearer rather than the Speaker as an External Argument...."
Heat_potential,An Insulator is judged for its potential to increase the body temperature of an Experiencer. The Activity that the Experiencer engages in to experience the heat and the Circumstances in which the Insu...
Hedging,"When words of this frame are used as hedge markers, they signal that the speaker of the sentence wishes to be careful about asserting some Hedged_content. Use of a hedge marker may mean that the speak..."
Heralding,"A Communicator announces (linguistically or non-linguistically) the imminent arrival of an Individual or the occurrence of an Event. Generally, the Communicator is attempting to inform the public. 'Th..."
Hiding_objects,"An Agent causes a Hidden_object to become perceptually inaccessible to potential perceivers by placing it in a Hiding_place or putting in place an Obstruction that screens the object. 'Therefore, as I..."
Hindering,In this frame a Hindrance makes it more difficult for a Protagonist to complete their intended Action or a Hindrance directly affects an Action where the Action can be a natural act or the actions of ...
Hiring,"An Employer hires an Employee, promising the Employee a certain Compensation in exchange for the performance of a job. The job may be described either in terms of a Task or a Position. In some cases, ..."
Historic_event,"In the course of history, an Event or Entity is taken to have importance or significance. 'Throughout the campaign activists have made financial history as one by one major corporations have yielded t..."
History,A recordable sequence of events is associated with a given Topic. 'And that is where the history of art begins.'
Hit_or_miss,An Agent succeeds or fails to interact perceptually or physically with the Target or Target_location. The Instrument which is used to interact with the Target may stand in metonymically for the Agent....
Hit_target,"An Agent causes the ballistic motion of a projectile and its subsequent impact on a Target. 'It looks like he hit the bull's-eye with his first arrow!' 'If he shot her, he is fully culpable whether he..."
Holding_off_on,An Agent decides temporarily not to perform a Desirable_action or not to interact with a Salient_entity. 'I have actually held off on buying some movies by WB because of those damned cases.' 'We held ...
Hospitality,A Host is judged regarding their attitude as a potential host in a guest-host relationship. The Host exhibits a Behavior that is judged as demonstrating a particular degree hospitality towards a Guest...
Hostile_encounter,"This frame consists of words that describe a hostile encounter between opposing forces (Side_1 and Side_2, collectively conceptualizable as Sides) over a disputed Issue and/or in order to reach a spec..."
Hunting,A Hunter tries to gain Food by way of outsmarting or tracking a living. The Hunter hopes the attempt will result in the catching and killing of the living entity that is intended for human consumption...
Hunting_success_or_failure,A Hunter succeeds or fails at capturing his sought-out or tracked Food. 'We bagged six roosters.' 'Bottom trawlers catch fish that live on or near the seafloor.'
Identicality,A Current_instance of a certain Type is under discussion. This instance is evaluated as being the same instance or a different instance from a Previous_instance encountered in a Previous_context. 'Kim...
Identity,"An Instance of some type is conceived of as having an Identity, defined as the unique feature that distinguishes each Instance from all other instances of its type. Identity persists across time and r..."
Idiosyncrasy,"A certain Idiosyncrasy belongs to an Entity distinguishing it from other entities. 'If you have 32 totally idiosyncratic meanings for a term in a class, everyone will be very confused when they talk! ..."
Imitating,"An Agent displays a Characteristic of a Standard in his or her own way of behaving. 'I guessed he was trying to imitate the movements of a skier' 'In a tv commercial last year, she aped male slobbines..."
Immobilization,"The Agent immobilizes a Patient optionally, to an Anchor. 'The junior officer handcuffed his commanding officer to his desk.'"
Impact,"While in motion, an Impactor makes sudden, forcible contact with the Impactee, or two Impactors both move, mutually making forcible contact. 'The massive metal foot hit the ground with a huge thud.'"
Import_export_scenario,"An Agent moves Goods (or some other useful item) from an Exporting_area, across a boundary or border to a different area, the Importing_area. The Path along which the Goods pass may also be indicated...."
Importance,"A Factor affects the outcome of an Undertaking, which can be a goal-oriented activity or the maintenance of a desirable state, the work in a Field, or something portrayed as affecting an Interested_pa..."
Importing,"An Importer receives Goods from an Exporting_area, across a boundary or border to a different area, the Importing_area. The Path along which the Goods pass may also be indicated. 'The U.S. imported so..."
Imposing_obligation,A Duty is imposed on a Responsible_party according to a Principle which regulates how the Responsible_party should respond to a Situation. The Situation may be expressed metonymically by reference to ...
Impression,"This frame describes the Impression which a Figure, which can be a person, an organization, or an object, leaves with an Audience. The Audience is often left unstated when it represents anyone who is ..."
Imprisonment,The Authorities put a Prisoner in Prison as punishment for an Offense. 'US Drug Researcher Imprisoned for FDA Fraud.' 'Men will be more likely to be put away for murder rather than manslaughter for ki...
Improvement_or_decline,"An Entity improves from a less desirable Prior_state to a more desirable Post_state. (Note that members of this frame marked with the semantic type ""Negative"" indicate deterioration.) In most cases th..."
Improvised_explosive_device,"An improvised explosive device is a Bomb or similar device used in non-conventional warfare. It consists of explosive material connected to a detonator, possibly including other materials meant to dam..."
Inclination,"Due to internal forces/properties, an Entity is inclined towards a particular Behavior, which may be to perform an action or to maintain a state. The underlying force is seen as being beyond the Entit..."
Inclusion,"A Total has a Part, either as a member of an aggregate or as a constituent part of a simple entity. 'His collection included two El Grecos.'"
Increment,A member or members of a Class have just been mentioned or are present in the discourse setting and now a different instance (or group of instances) of the same class is referred to. 'My husband left ...
Indicating,A Communicator or Medium assigns linguistic meaning to an Unresolved_referent thereby identifying the specific actor or entity which fulfills the answer to this question. 'Can you name all the U.S. Pr...
Indigenous_origin,"An Entity began its existence in the context of a location of Origin, which is a discourse-salient place, or culture. 'Obviously there are species that are native to China or used in Chinese Medicine ..."
Individual_history,"This scenario describes a series of Events, associated with a single Participant, i.e., the history of the Participant. The Events do not necessarily form a coherent whole (e.g., are not necessarily c..."
Ineffability,"A Stimulus inspires a feeling of awe and interest in a (generally implicit or generic) Experiencer due to desirable qualities which are difficult to explain. Alternatively, the Attribute of the Stimul..."
Infecting,"The action of spreading some Infection to an Infected_entity, intentionally or otherwise. Pathology indicates that the Infection_cause can be airborne, carried on the skin/hair, or transmitted via var..."
Information,"A Cognizer knows or comes to know some piece of Information about a Topic. In this frame, many LUs encode a specific Means_of_Gathering and/or Source, but these may also be expressed separately. 'Also..."
Information_display,"A man-made artifact, digital or physical, which is used to display information presented via the object. '4chan is an image board for discussing gaming and internet culture.'"
Infrastructure,A group of entities exist (as an infrastructure) such that a particular type of Activity is either enabled or facilitated. The entities may or may not have been organized specifically for the Activity...
Ingest_substance,In this frame an Ingestor takes a Substance into his or her body. The Delivery_device can appear as a direct object. 'You should refrain from taking vodka up the nose.' 'Smoking a cigarette only takes...
Ingestion,"An Ingestor consumes food or drink (Ingestibles), which entails putting the Ingestibles in the mouth for delivery to the digestive system. This may include the use of an Instrument. Sentences that des..."
Ingredients,A Material is used to make a Product. 'These cooking ingredients are readily available.' 'An aberrant hemoglobin precursor has been discovered to be implicated.'
Inherent_purpose,The universe is considered through a teleological perspective and natural phenomena are seen to exist for the purpose of fulfilling some ultimate aim. A natural phenomenon is an Apparatus and an ultim...
Inhibit_movement,"An Agent restricts the movement of a Theme to within the vicinity of the Holding_location, despite the Theme's desire, plan, or tendency towards motion; the Agent may also use an Instrument. Alternati..."
Inspecting,"An Inspector directs his/her perceptual attention to a Ground to ascertain whether the Ground is intact or whether an Unwanted_entity is present. Alternatively, the desired outcome of the inspection m..."
Installing,"An Agent places a Component in a Fixed_location so that the Component is attached and interconnected and thereby functional. 'Displays were given an overhaul in the 1950s, with canopies installed abov..."
Instance,"This frame concerns transparent nouns that denote Instances of Types of entities or events. 'The survey confirmed that management interference in team operations had increased , and instances of manag..."
Institutionalization,"A Patient is committed to the care of a medical Facility by a proper Authority. Regardless of whether the Patient agrees or does not agree with their placement in the Facility, the Authority judges th..."
Institutions,"This frame concerns permanent organizations (the Institutions) with a public character, meaning that they are intended to affect the lives of the public at large in a particular Domain. In some cases,..."
Intentional_deception,"A Deceiver performs some action so that the Victim ends up with an incorrect understanding about some Topic. The Means may be via communication, perceptual obscuration, or merely performing an action ..."
Intentional_traversing,A Self_mover intentionally moves in a Directionon a Path relative to landmark that is neither the Source nor the Goal of the overall motion. The shape or configuration of the Path may be expressed wit...
Intentionally_act,This is an abstract frame for acts performed by sentient beings. It exists mostly for FE inheritance. 'I carried out the deed easily .'
Intentionally_affect,"An Agent causes a Patient to be affected, sometimes by a particular Means or by use of an Instrument. 'A professional dishwasher doesn't do dishes with a rag anymore!'"
Intentionally_create,"The Creator creates a new entity, the Created_entity, possibly out of Components. 'The Libyans were generating arms for export.'"
Intercepting,"A volitionally acting Interceptor takes control, without being authorized to do so by the sender, of a Theme that is underway from a sender to a recipient. The Interceptor (or somebody on whose behalf..."
Interior_profile_relation,"A Figure is located in the interior (the Profiled_region--see Locative_relation frame) of the Ground. Some members of this frame indicate the plexity of the Ground, as either single-entity gestalt (in..."
Interrupt_process,A Cause (or associated Actor) causes an ongoing Process to temporarily stop. 'The error interrupted the process.'
Intoxicants,An Intoxicant is ingested in order to achieve an altered state of consciousness. A Type or Descriptor may be indicated as well. ' We smoked some high-grade marijuana.' 'They smoked freebase cocaine.'
Intoxication,This frame concerns people being in an altered mental state that is induced by an Intoxicant. 'Cory was drunk.' 'Nutty stormed in drunk as a fiddler.'
Invading,"The Invader enters a Land in an aggressive attempt to cripple or dominate its people and its government. 'In August 1990 ,Iraq was invading Kuwait , which led to the Gulf war .' 'Some towns in Russia ..."
Irregular_combatants,"A Combatant is declared or loyal to a Side in a military Conflict. The Combatant is not part of any regular or (highly) organized fighting organization (such as an army), and is not necessarily a figh..."
Isolated_places,"A Place is located far off from centers of population, culture, and/or trade. 'I'm from the middle of nowhere, California.'"
Judgment,"A Cognizer makes a judgment about an Evaluee. The judgment may be positive (e.g. respect) or negative (e.g. condemn), and this information is recorded in the semantic types Positive and Negative on th..."
Judgment_communication,"A Communicator communicates a judgment of an Evaluee to an Addressee. The judgment may be positive (e.g. praise) or negative (e.g. criticize), and this is indicated by the semantic types Positive and ..."
Judgment_direct_address,"In this frame, a Communicator judges the Addressee and then communicates that appraisal directly to the Addressee. The judgment is given for a particular Reason or about a particular Topic. 'The princ..."
Judgment_of_intensity,A speaker characterizes the intensity of an Attribute of an Entity by a Degree. 'He has a severe behavioral disorder.'
Judicial_body,"A Source_of_authority, typically a government, relies upon a set of institutions specialized for the administration of justice. These Judicial_body s hear cases that originate within their Jurisdictio..."
Jury_deliberation,The Jury discuss the Case and its Charges in order to evaluate the Possible_sentence of the accused. 'The jury deliberated his guilt.'
Just_found_out,"An Experiencer, Expressor, or State can be described as having a surprised emotion as evoked by a Stimulus or concerning a Topic. 'I was more shocked about the child than she was.' 'Mrs Nowak was surp..."
Justifying,"An Agent has done or omitted to do an Act or is responsible for the obtaining of a State_of_affairs, which a Judge deems to constitute a violation of an obligation or a moral guideline. The Agent give..."
Key,"This frame is for objects, physical or otherwise, which are used to grant access to some location or function. 'Robert's master keycard opens any door in the building.' 'Robert's master keycard opens ..."
Kidnapping,"The words in this frame describe situations in which a Perpetrator carries off and holds the Victim against his or her will by force. '' 'Two men kidnapped a Millwall soccer club employee, police said..."
Killing,A Killer or Cause causes the death of the Victim. 'John drowned Martha.'
Kinship,"This frame contains words that denote Kinship relations. In annotating the directional uses of these words, we use the standard terms from anthropology, Ego and Alter. 'Matilde is Gilberto's cousin on..."
Knot_creation,An Agent creates a Knot (possibly in a Place and/or with an Instrument).'Loretta ties the most beautiful bowline I've ever seen.''If you can tie a half-hitch around the table leg with only that much s...
Labeling,A Speaker uses as a Label to refer to an Entity. The Label is not a conventional name for the Entity but a description categorizing the Entity and thereby expressing a judgment. 'Some labeled him a wo...
Labor_product,"An Agent or a Cause mentally or physically expends energy rendering an Input, whether implicit or explicit, into a Output. 'Erosion is the work of wind and water on rock.' NB: The Input in the case of..."
Launch_process,"An Agent acts to begin the life of a Process. 'After discovering her knack for organization, she decided to try to launch a career in human resources.' 'The City of Bratislava has launched a pilot pro..."
Law,"A Law regulates activities or states of affairs within a Jurisdiction, dictating what Required states should be the case and what Forbidden states should not. Often it also indicates negative conseque..."
Law_enforcement_agency,A law enforcement Agency is tasked by a government with guaranteeing compliance with the laws in a particular Jurisdiction. 'She works for the Oakland police.'
Leadership,"These are words referring to control by a Leader over a particular entity or group (the Governed) or an Activity. The frame contains both nouns referring to a title or position (e.g. director, king, p..."
Leaving_traces,"A piece of Evidence indicates that an Event occured, or metonymically, Entity had formerly existed, in a Location. The Evidence consists of physical changes to the Location that resulted from the Even..."
Left_to_do,"A Process of using or modifying is scheduled to be applied to a group or mass. At a certain Time, the Remainder that is still left to be processed can be identified. The Agent who is in line to work o..."
Legal_rulings,An Authority with the power to make decisions hands down a Finding over a question presented in a formal or informal Case. 'The judge ruled yesterday that the revisions were not adequate. DNI' 'A high...
Legality,"Words in this frame describe the status of an Action with respect to a Code of laws or rules. An Object may also be in violation or compliance of the Code by virtue of its existence, location or posse..."
Lending,The Lender gives the Theme to the Borrower with the expectation that the Borrower will return the Theme to the Lender after a Duration of time. This frame differs from the Borrowing frame in that this...
Level_of_force_exertion,"An Exerter, Action, or Force is capable of exerting or does exert a physical force at a level specified by the target. That physical force may cause deformation or breakage of, or simply motion in the..."
Level_of_force_resistance,"A Resisting_entity is capable of resisting or does resist a physical Opposing_force to a level specified by the target. With certain LUs (e.g. impregnable.a), the Opposing_force FE is incorporated, an..."
Level_of_light,There is a gradable amount of light in a particular Location. In some cases the Source of light may be indicated instead of the Location. '' 'The small print was bearly readable by the light of the ve...
Light_movement,"An Emitter emits a Beam of light from a Source, along a Path, and/or towards a Goal. Essentially, this frame denotes the (semi-)fictive motion of the the Beam. 'Avoid allowing light to shine into neig..."
Likelihood,This frame is concerned with the likelihood of a Hypothetical_event occurring. The Hypothetical_event is its only core frame element. 'It is likely that he'll arrive late.' Notice that in the case whe...
Limitation,An Entity that would be expected to have a characteristic to a certain degree (typically based on comparison to other entities of the same type) instead has a more limited degree of that characteristi...
Limiting,"An Agent or Cause limits a Range_of_options to having a certain Characteristic. The Characteristic may be that only certain types of the Range_of_options may be acceptable, or (in the case of a plural..."
Linguistic_meaning,"A linguistic Form has a particular Meaning, possibly restricted to a particular Context. Some linguistic Forms, nouns and nominal expressions, also can refer to an object in the real or an imagined wo..."
Lively_place,"A Location is characterized by a high amount of (often goal-oriented) Activity, or metonymically, with Individuals who are engaged in the activity. 'The park was abuzz with people.'"
Living_conditions,"An Experiencer must cope with some Condition for a prolonged period, usually against his or her will. 'Americans live in fear.'"
Locale,"This frame contains general locale words, and is mostly a place-holder in the hierarchy. Words in this frame designate relatively stable bounded ares of the world which have permanent Relative_locatio..."
Locale_by_characteristic_entity,A Locale is characterized by the type of entity associated with the Locale. Some words specifically denote regions characterized by the individuals who typically live or work there. Typcial such Chara...
Locale_by_collocation,A Profiled_region is identified as being the region where an Entity is located. 'State your location.' 'I can't get a lock on their position.'
Locale_by_event,"A place defined in terms of an event which occurred (or will occur) there. 'Woodstock, NY was the site of the most important rock concert of 1969.' 'Our meeting site was chosen for its solitude.' In t..."
Locale_by_ownership,A place defined by an Owner. 'Get off my property!'
Locale_by_use,"Geography as defined by its use. 'You must land in the next airfield, as this one is currently having difficulties.' 'The new sports complex was the tallest building on campus, oddly enough.' 'Cities ..."
Locale_closure,"A building or location that can be sealed to prevent entrance, the Locale, ceases to be open for use. 'That park closed last year.'"
Locating,A Perceiver determines the Location of a Sought_entity within a Ground. 'Kim found his hat on the far side.'
Location_in_time,"The word(s) in this frame detail a particular moment in time.These often occur with demonstratives such as this and that. 'Late that day, 1776, America declared sovereignty.'"
Location_of_light,"A perceptible Figure shows up against a Ground location due to Light shining on/from it, its salience possibly dependent on a Cause_of_shine. 'The grass glistened with dew.' 'Still glowing from the fo..."
Locative_relation,"A Figure is located relative to a Ground location. 'The cat is on the mat.' 'The kitchen, with its breakfast / snack bar, adjoins on one side while the dining area adjoins on the other side. DNI' 'The..."
Losing,This frame describes a situation in which an Owner loses his or her Possession. The Owner may have failed to keep ownership of their Possession (i.e. robbery or gambling) or may have unintentionally m...
Losing_it,"An Protagonist goes from a default state of mental and emotional equilibrium into a temporary state of disequilibrium, often a state of anger. A Reason for the change of state may be given. Likewise, ..."
Losing_someone,This frame describes a Sufferer who experiences the loss of someone through death. The LUs in this frame imply a strong emotional connection between the Sufferer and the Deceased. 'She lost her husban...
Losing_track_of_perceiver,"This frames describes a Theme who evades the sight of a Perceiver. The focus of this frame is the Theme, which appears in subject position. This frame contrasts with the opposing perspective in Losing..."
Losing_track_of_theme,"This frames describes a Perceiver who fails to keep sight of a Theme. The focus of this frame is the Perceiver, which appears in subject position. This frame contrasts with the opposing perspective in..."
Luck,"A State_of_affairs is evaluated as good (or bad), against a background assumption that previously, the State_of_affairs was thought to be unlikely to occur. The State_of_affairs holds for a particular..."
Make_acquaintance,"Individuals first encounter each other and make introductions at a particular Time, Place, or Context. The Individuals may have known of each other before making introductions. The Individuals may be ..."
Make_agreement_on_action,"Two (or more) people (the Parties, also encodable as Party_1 and Party_2) negotiate an agreement. Both sides are construed as making a commitment to assume an Obligation--the process is understood to ..."
Make_cognitive_connection,"Using Evidence, which may or may not be expressed, a Cognizer recognizes or proves that Concept1 is associated causally or collocationally with another concept, Concept2. These may be expressed collec..."
Make_compromise,"Two (or more) people (the Parties, also encodable as Party_1 and Party_2) come to an agreement committing them to carrying out an Obligation. The agreement is construed as non-ideal for both parties b..."
Make_noise,"A physical entity, construed as a point-Sound_source, emits a Sound. This includes animals and people making noise with their vocal tracts. Sometimes the sound itself is referred to with a nominal exp..."
Making_arrangements,An Agent performs a series of unspecified tasks to plan for an Event to take place at a Scheduled_time and Place. 'I've arranged a breakfast meeting for you tomorrow morning with Mr. Huntsberger.' 'Ke...
Making_faces,"An Agent makes a particular facial expression, generally in response to some Internal_cause (generally an emotional state). Sometimes the Body_part involved in the expression is mentioned in lieu of t..."
Manipulate_into_doing,A Manipulator gets his Victim to perform a Resulting_action against what their better judgment would have been at the time. The means by which the Manipulator overcomes or bypasses the Victim's resist...
Manipulate_into_shape,An Agent manipulates a Theme so that it ends up in a particular shape or configuration denoted by a Resultant_configuration. 'She molded the playdough into a ball.'
Manipulation,"The words in this frame describe the manipulation of an Entity by an Agent. Generally, this implies that the Entity is not deeply or permanently physically affected, nor is it overall moved from one p..."
Manner,"A Manner describes general or specific characteristics of an event in one of three ways: First, it can refer to how a Comparison_event transpires, absent the influence of an entity (e.g. ""the way you ..."
Manner_of_life,"An Experiencer actualizes a certain pattern of behavior, a Lifestyle, which persists for a significant period of time in the Experiencer's life and is recognized as part of his character or normal rou..."
Manufacturing,A Producer produces a Product from a Resource for commercial purposes. ' They produced only half of the units after an injunction to follow the environmental policy.'
Margin_of_resolution,The Outcome of a contest is described in terms of the Margin between what would be required for victory and the actual Outcome. 'The Basque nationalists won a narrow victory in the regional elections ...
Mass_motion,"A Mass_theme, generally made up of many individuals, moves from a Source to a Goal with some Path. 'Emails from so-called Nigerian princes flooded inboxes all over the US.'"
Mathematical_relationship,"A mathematical expression Expression_1 has a relationship with another mathematical expression Expression_2. This relationship may be of equality, inequality, or near-equality. The Type of the equatio..."
Means,An Agent makes use of a Means (either an action or a (system of) entities standing in for the action) in order to achieve a Purpose. (This frame may be broadened to include non-agentive intermediate a...
Measurable_attributes,"An Entity has a particular scalar Attribute with a value exceeding a contextually-specified or generally-understood standard. Except where there is a difference in FEs, we place all adjectives related..."
Measure_area,This transparent noun frame is concerned with Units for measuring the Area of regions.'Hillary lives in the middle of 10 acres of wheat.''Paul owns 20 hectares of land.'
Measure_by_action,This frame involves words that provide a measure for some undelimited (mass) Entity by referring to an Event that a prototypical quantity (or duration) of the Entity stereotypically participates in. T...
Measure_duration,"This frame contains (transparent ) nouns that are Units of measurement for time. The frame elements are Count, Unit and Process. 'The final total was 606, scored in only 10 hours of excellent batsmans..."
Measure_linear_extent,"This frame is concerned with nouns that denote Units of measurement for linear extent. The Frame Elements are Unit, Count, and Stuff.'The shirt is made from 12 miles of pure cotton.''81 miles of dyke ..."
Measure_mass,"This frame is concerned with nouns that denote Units of measurement for masses. The Frame Elements are Unit, Count, and Stuff.'Jelena bought three kilos of apples.''Add a pound of sugar.'"
Measure_volume,"This frame is concerned with nouns that denote Units of measurement for volumes. The Frame Elements are Unit, Count, Stuff, and Size. The frame will be split soon into container-derived volumes (box, ..."
Medical_conditions,"Words in this frame name medical conditions or diseases that a patient suffers from, is being treated for, may be cured of, or die of. The condition or disease may be described in a variety of ways, i..."
Medical_instruments,This frame includes words for medical instruments--i.e. Instruments designed for an institutional function or Purpose. 'Use thestethoscope to check his lungs.'
Medical_interaction_scenario,"A Patient interacts with one or more Medics (doctors, nurses, and/or EMTs with a responsibility for the Patient's health) so that the Medics can determine the health status of the Patient and maintain..."
Medical_intervention,Procedural or Medicine based Interventions are used on a Patient to attempt to alleviate a Medical_condition. These interventions can have a Frequency_of_success as well as Side_effects. This frame di...
Medical_professionals,This frame includes words that name medical professionals and is closely related to the Medical_specialties frame. The FE Type characterizing a Professional's sub-specialty may also be expressed. 'Ral...
Medical_specialties,This frame includes words that name medical specialties and is closely related to the Medical_professionals frame. The FE Type characterizing a sub-are in a Specialty may also be expressed. 'Ralph pra...
Medium,"Words in this frame describe a relationship in which an Item is expressed through a Text. 'The act of murder is rampant in the Bible.' 'In his State of the Union Address, President Bush committed our ..."
Meet_specifications,"An Agent or Entity becomes sufficient enough to meet a Standard. Alternatively, an action or occurrence can be thought of as Event that fulfills a Standard. In this frame, the Agent, Entity, or Event ..."
Meet_with,"In this frame Party_1 meets with Party_2 at a prearranged Time and Place. If expressed, Purpose only applies to Party_1. The Purpose of the meeting is usually discussion over a certain topic. 'I met w..."
Meet_with_response,A Trigger elicits a Response. The Response may either be some kind of action meant to address the Trigger event or an expressed judgment of the Trigger event. 'Our proposal met with harsh criticism.'
Member_of_military,"A Person is a member of an organized military organization belonging to a nation-state or similar body. The military membership may be part-time, but is considered a job. This is in opposition to comb..."
Membership,A Member is semi-permanently part of a socially constructed Group. 'Victor is part of the Red Crescent'
Memorization,"A Cognizer applies oneself to commit a Pattern to memory, so that the Cognizer would recognize future examples of the Pattern or be able to reproduce it. 'A gaggle of students were frantically memoriz..."
Memory,This frame is concerned with Cognizers remembering and forgetting mental Content. 'John forgot everything about his uncle.'
Mental_property,The adjectives and nouns in this frame are all based on the idea that mental properties may be attributed to a person (Protagonist) by a (usually implicit) Judge on the basis of that person's Behavior...
Mental_stimulus_exp_focus,An Experiencer has an emotion as caused by a Stimulus or concerning a Topic. 'I fall asleep hours later to the sound of their engrossed murmuring.' 'Most of these great lords are downright infatuated ...
Mental_stimulus_stimulus_focus,A Stimulus serves to bring about an emotion of mental stimulation in an Experiencer. 'You will not easily find a more absorbing box-set of piano discs.' 'New classes of free radical are particularly i...
Mention,"A Communicator or Medium briefly references something in a Message, in which only a subpart of the full content is profiled. 'The General Secretary mentions some of them in his report.' 'The Queen 's ..."
Military,"Some Possessor, either a nation, institution, or private individual, controls a Force whose primary functions to defend the Possessor (or, in the case of an institution or individual, some area of lan..."
Military_operation,"The Military of a Possessor (either a nation, institution, or private individual) conducts large-scale activities in a Area to accomplish military or combined military/non-military goals. 'These group..."
Mining,"A Miner attempts to obtain a desirable Resource, rocks and minerals, located in a Place being mined, by digging or tunneling in the ground. 'They mine diamonds in Africa.'"
Misdeed,"A Wrongdoer engages in a Misdeed. 'You have sinned for the last time, Stephen!'"
Money,Money is a medium used for exchanging goods and services. It is in most cases issued by a government (its Creator) in the form of coins and banknotes. Particular amounts of it may have a designated or...
Morality_evaluation,In this frame an Evaluee is described by a (usually implicit) Judge with respect to the morality or rightness of his or her Behavior. 'That was very righteous of you to help him.'
Motion,"Some entity (Theme) starts out in one place (Source) and ends up in some other place (Goal), having covered some space between the two (Path). Alternatively, the Area or Directionin which the Theme mo..."
Motion_directional,"In this frame a Theme moves in a certain Direction which is often determined by gravity or other natural, physical forces. The Theme is not necessarily a self-mover. ' The paper fell to the floor.' ' ..."
Motion_noise,"This frame pertains to noise verbs used to characterize motion. Motion_noise verbs take largely the same Source, Path and Goal expressions as other types of Motion verbs. 'The reception doors banged o..."
Moving_in_place,"A Theme moves with respect to a Fixed_location, generally with a certain Periodicity, without undergoing unbounded translational motion or significant alteration of configuration/shape. 'It vibrated f..."
Name_conferral,This frame contains words that talk about how Speakers name Entities. 'They drove through an area nicknamed Sniper's Alley' 'His parents named him Winston after the British prime minister.' In this fr...
Namesake,An Entity shares a name with its Namesake. Note that the shared name is not a frame element as it cannot be directly expressed as an argument of the target lexical units in this frame. 'Alberta's name...
Natural_features,"The Locale is a geographical location as defined by shape. This frame includes natural geographic features, including land/ice forms and bodies of water. ' We climbed up the rock cliff.'"
Needing,"The speaker believes that some state of affairs or entity (the Requirement) must be present in order to cause some other dependent state of affairs to occur (the Dependent). In the typical case, the C..."
Negation,"This frame models the semantic contribution of negation, in which the profiled content of the Negated_proposition is asserted to contrast incompatibly with a corresponding Factual_situation, which is ..."
Negative_conditional,"An Anti_consequence is presented as not occurring if the Profiled_possibility occurs. 'Unless we try harder , we 're gonna lose an opportunity here .'"
Network,"A set of entities of the same or similar types (Nodes) are linked to each other by Connections to form a Network allowing for the flow of information, resources, etc. 'For the most part, the Interstat..."
Noise_makers,"The Noise_maker is an artifact used to produce sound, especially for musical effect. 'The church bells rang' 'The car alarm went off again' 'I have never played an acoustic guitar.' 'Each artist perso..."
Non-commutative_process,"LUs in this frame describe a non-commutative process (as opposed to a generic statement) of arithmetic, e.g. subtraction and division, involving two numbers, labeled Term_1 and Term_2. Because of the ..."
Non-commutative_statement,"LUs in this frame describe a non-commutative statement of arithmetic, e.g. subtraction and division, involving two numbers, labeled Term_1 and Term_2. This frame contrasts with Arithmetic_non-commutat..."
Non-gradable_proximity,"A Figure is characterized as near the Ground, according to some contextually given scale. Many lexical units of this frame additionally specify in which direction relative to the Ground one can find t..."
Noncombatant,This frame contains words that denote people who are not participating in a military Conflict. 'Jones was a noncombatant in WWII.' 'News comes in every day of civilians getting caught up in military o...
Notability,"An entity is considered worthy of mention for their ability or influence among some Type of similar entities. The entity need not be well-known or famous, though if it is, it may be stated by its Name..."
Notification_of_charges,"The judge or other court officer (the Authority) informs the Accused of the Charges against him/her, i.e. the alleged actions and the relevant laws. '' 'The board has been accused by the federal court..."
Nuclear_process,"An Initial_element is converted into a Final_element via a process of decay, fusion, or fission which changes the number or type of hadrons (protons or neutrons) in the nucleus of the atoms that make ..."
Objective_influence,"An Influencing_entity, an Influencing_situation, or an Influencing_variable has an influence on a Dependent_entity, Dependent_situation, or a Dependent_variable. '' Compare to Subjective_influence. Wo..."
Obscurity,"An Entity is obscure, unnotable, and in general little-known. In the case of an eventive Entity, lack of fame entails a large number of people not being aware of the event's occurence; in the case of ..."
Obviousness,"A Phenomenon is portrayed with respect to the Degree of likelihood that it will be perceived and known, given the (usually implicit) Evidence, Perceiver, and the Circumstances in which it is considere..."
Occupy_rank,This frame is about Items in the state of occupying a certain Rank within a hierarchy. 'He ranks second in his class in mathematics.'
Offenses,Words in this frame describe acts in violation of a legal code. 'He was accused of hijacking a tour bus full of people.'
Offering,"An Offerer indicates that he or she is able and willing to give a Theme to a Potential_recipient. In the absence of further qualifications, it is often understood that the Potential_recipient accepts ..."
Offshoot,"This frame refers to a part of an organization that becomes separate from the main body. The part is usually partially or even wholly autonomous, and may eventually become larger than the body from wh..."
Omen,"One phenomenon, the Predictive_phenomenon is an indication of the future or current (but still uncertain) existence of another phenomenon, the Future_phenomenon. There is no Cognizer present on the sc..."
Ontogeny,An Entity develops from a Prior_state to a Post_state. The Entity can also be represented by an entity-denoting adjective which is labeled Domain as shown in the first example below. NOTE: This frame ...
Openness,"A Useful_location is accessible to some (possibly generic) Theme despite a potential Barrier, or is not accessible because of the Barrier. 'I left the door to the lobby open for you.' 'I left the door..."
Operate_vehicle,"The words in this frame describe motion involving a Vehicle and someone who controls it, the Driver. Some words normally allow the Vehicle to be expressed as a separate constituent. 'Tim drove his car..."
Operating_a_system,An Operator manipulates the substructure of a System such that the System performs the function it was created for. This frame differs from the Using frame in that this frame does not profile the purp...
Operational_testing,A Tester uses a concrete or conceptual Product in order to determine either whether it works or to find out how well or in which manner it works. The Tester may have particular Unwanted_characteristic...
Opinion,"A Cognizer holds a particular Opinion, which may be portrayed as being about a particular Topic. 'John thinks that it looks better back .' 'Well, my opinion about that is none of your business. ' 'Wha..."
Opportunity,"An Agent has a choice of whether or not to participate in some Desirable_event because of an Opportunity, a situation not completely under the Agent's control and usually of a limited duration. 'It wo..."
Optical_image,"This frame describes non-artifact Images resulting from an interation between light and some kind of matter, usually a Source entity. 'I could see John's silhouette in the corner as I entered the diml..."
Ordinal_numbers,"An Item is picked out either by the order in which the members of a set would be encountered by an implicit cognizer, or by the order in which the members of a set participate in an event or state whi..."
Organization,"This frame describes intentionally formed human social groups (here termed Organizations) with some definite structure and Members. They may be relatively informal, consisting only of a group of indiv..."
Origin,"An Entity began its existence in the context of a Origin, which can be a place, culture, time period, text, etc. 'The Christian origin of this quote is from Isaiah 22.' 'Dinosaurs originated from Anta..."
Others_situation_as_stimulus,An Experiencer feels an emotion as evoked as an Other. 'One might pity the frail old man in East Berlin.' 'She appealed for compassion for sufferers.' 'I feel for women who also long to have children ...
Out_of_existence,An Entity has ceased to exist. 'Theses termites are history.' 'Hillary is toast after Texas and Ohio.' 'They are gone because you killed them all.'
Pardon,"An Authority excuses an Offense that an Offender has committed, with the effect of ending or preventing any punishment. 'President Ford pardoned her after it came to light she was being held in Japan ..."
Part_edge,This describes a part_whole relationship where the Part provides the boundary between the Whole and what is not that object. The Part can exist along a continuum of width. It can be modified by an Ori...
Part_inner_outer,This frame concerns Parts of objects that are defined relative to the center or edge of the object. The Part is a part of the Whole and the Part_prop describes a property of the Part. 'She discarded t...
Part_ordered_segments,In this frame a Part is part of a larger Whole comprised of parts that are ordered. The Parts can be ordered temporally (first to last and vice versa) or vertically (down to up and vice versa). The Pa...
Part_orientational,"In this frame, there is a Part of a Whole in which the Part is defined with respect to the canonical or inherent orientation of the Whole. In cases where the Target is an adjective, it has a special r..."
Part_piece,"This frame is concerned with transparent nouns denoting a Piece of a Substance. Also present is Piece_prop which is a property of the Piece, e.g. relating to its size. 'Kim ate a tiny morsel of cake '..."
Part_whole,"This frame is concerned with nouns denoting a part or parts of a Whole entity . The Part is not defined relative to the Whole's orientation, center, or edge and is not ordered. We also annotate proper..."
Partiality,This frame has to do with the bias or lack of bias of a Judge making an assessment concerning two or more Sides. The Sides may stand opposed to each other in a dispute or be alternatives in a situatio...
Participation,"An Event with multiple Participants takes place. It can be presented either symmetrically with Participants or asymmetrically, giving Participant_1 greater prominence over Participant_2. If the Event ..."
Partitive,"A Subset is profiled against the Group it belongs to. The Subset may consist of a single member. Frequently, the Group is actually a generic sample of a full population, and the Subset is representati..."
Passing,"An Agent physically transfers a Theme to a Recipient. The Agent is not under control of the Theme's motion after the initial input of energy. Compare with Bringing and Sending. In the former, the Carr..."
Passing_off,"An Agent acts in such a way as to cause others to think that an Item is an instance of a particular kind of Simulated_entity. 'He had, under the name of Armitage, passed her off as a member of one of ..."
Path_shape,"The words in this frame describe the ""fictive"" motion of a stationary Road. Some of the targets cast the scene primarily in terms of the Path_shape: 'The long mountain road meandered through the woods..."
Path_traveled,"A Path, a series of connected locations, is traversed by a Theme, moving under its own power or under the influence of a physical force. The Path may be described in various terms depending on whether..."
Patrolling,"An individual or group, the Patrol moves through and examines a Ground in order to ensure that it is in a generally Desired_state_of_affairs, particularly that it is safe and contains no dangerous Unw..."
Pattern,"This frame describes the interrelation of a collection of Entities; they may be physical entities or shapes in a recognizable configuration, a pattern of events, or a relation among abstract entities...."
People,"This frame contains general words for Individuals, i.e. humans. The Person is conceived of as independent of other specific individuals with whom they have relationships and independent of their parti..."
People_along_political_spectrum,"An Individual belongs to a group that is categorized in terms of the political views on particular issues that the members of the group tend to share, in opposition to other groups that hold different..."
People_by_age,This frame contains words for individuals as viewed in terms of their age. The Person is conceived of as independent of other specific individuals with whom they have relationships and independent of ...
People_by_jurisdiction,"This frame contains words for individuals, i.e. humans, who are governed by virtue of being registered in a certain Jurisdiction. Alternatively, they may be conceptualized with respect to their govern..."
People_by_military_specialty,The LUs in this frame refer to Fighter in Military_organizations according to their specialty in general or their function at a particular place and time. The Fighter may be part of a nation-state's a...
People_by_morality,"This frame contains general words for Individuals, i.e. humans, whose specific acts or general behavior is evaluated against standards of morality or rightness. The Person may have an Age, Descriptor,..."
People_by_origin,"This frame contains words for individuals, i.e. humans, with respect to their Origin. The Origin is generally incorporated, but may occasionally be specified separately. The Person is conceived of as ..."
People_by_religion,"This frame contains words for individuals, i.e. humans, with respect to their Religion. The Religion is generally incorporated, but with some lexical units it is specified separately. 'The bells call ..."
People_by_residence,"This frame contains words for individuals, i.e. humans, with respect to their proximity of residence. This relationship may be defined either symmetrically (as Residents) or asymmetrically (in terms o..."
People_by_vocation,This frame contains words for Individuals as viewed in terms of their vocation. The Person is conceived of as independent of other specific individuals with whom they have relationships and independen...
Perception_active,This frame contains perception words whose perceivers intentionally direct their attention to some entity or phenomenon in order to have a perceptual experience. For this reason we call the perceiver ...
Perception_body,This frame contains words describing physical experiences that can affect virtually any part of the body. The body part affected is almost always mentioned with these words. It is typically expressed ...
Perception_experience,This frame contains perception words whose Perceivers have perceptual experiences that they do not necessarily intend to. For this reason we call the Perceiver role Perceiver_passive. Comparing the Pe...
Performers,This frame contains words for Individuals as viewed in terms of their participation in artistic performances. The Person is conceived of as independent of other specific individuals with whom they hav...
Performers_and_roles,"A Performer has a certain Role in a Performance and plays their part by following the directions in the Script for that particular Role. 'Margaret Thatcher played Juliet in a school play.' '""Pulp Fict..."
Performing_arts,"The Performers, together with behind the scenes Personnel, execute a Performance according to a Script and/or Score. The purpose of the Performance is to create an experience for an Audience, who then..."
Personal_relationship,"The words in this frame have to do with people and the personal Relationships they are or can be a part of. Some of the words denote people engaged in a particular kind of Relationship, others denote ..."
Personal_success,A Person is in a state of prosperity and/or renown after some period of development or hardship in an Endeavor. LUs in this frame invoke a developmental path that is related to the goal one should hav...
Physical_artworks,"A physical object, the Artifact, is produced by a Creator to stimulate the perceptions, emotions, or cognition of an audience. Though it need not, in many cases, the created Artifact is intended to re..."
Piracy,The words in this frame describe situations in which a Perpetrator forcibly seizes control over a Victim's Vehicle to gain some end. '' 'French farmers have hijacked a lorry and destroyed its load of ...
Placing,"Generally without overall (translational) motion, an Agent places a Theme at a location, the Goal, which is profiled. In this frame, the Theme is under the control of the Agent/Cause at the time of it..."
Planned_trajectory,"A Theme traverses a trajectory. This trajectory consists of a Source, Path, and Goal. If the Theme is sentient, the anticipated trajectory will usually be equivalent to the planned trajectory. If the ..."
Planting,This frame describes a situation in which the Agent puts the Theme into the Ground for the purpose of growing. 'He recently planted some old apple trees. INI '
Plants,"The LUs in this frame refer to biological entities other than human beings and animals, which are labeled by the FE Plant."
Point_of_dispute,"The answer to a Question is under discussion in a Group, which still has a difference of opinion among its members. The prominence of the Question relative to others can be indicated by a Status expre..."
Political_actions,"A less-powerful person or group of people (the Activists) engages in an activity aimed to inconvenience or weaken a more powerful person or group (the Institution) to seek redress, in the form of a se..."
Political_locales,"This frame covers words that name Locations as defined politically, or administratively. 'Berkeley is a wonderful city.'"
Popularity,"An Evaluee, which can be a person or an object, has an amount of acceptability or utilization based on general (often non-aesthetic) desirability. The Judge who determines the Evaluee's desirability m..."
Posing_as,An Agent behaves as if they were a particular individual or type of Simulated_entity with the intent of misleading observers of their behavior. This is generally accomplished by altering their normal ...
Position_on_a_scale,"This frame contains words that describe an Item's static position on a scale with respect to some property Variable. '' 'Dried fruits are especially high in fibre, as are pulses.' 'Despite the fact th..."
Possession,"An Owner has (or lacks) a Possession. '' 'The river's part of my manor, but of course it also belongs to the River Police.' 'It's a nuisance having to abandon my belongings, though.'"
Possibility,"A Possible_event is deemed to have all pre-conditions satisfied; in other words, it has some probability of occurrence, if some (generally implicit) further Condition pertains. The Condition, whether ..."
Posture,"An Agent supports their body in a particular Location. The LUs of the frame convey which body part is the Point_of_contact where the Agent is supported, what orientation the body is in, and some overa..."
Practice,An Agent enacts an Action that is intended to be performed again at one or more later Occasions. The goal of practicing is to ensure that the action at the later Occasion(s) comes off flawlessly. 'I p...
Praiseworthiness,"The Behavior of an Evaluee is described in terms of the reaction it deserves from somebody, such as praise, blame or admiration. 'It was honorable of you to help that person.'"
Prank,"A Joker, by means of a Prank, arranges to deceive a Victim, with the result that some harm or embarrassment comes to the Victim. 'They always play pranks on me.'"
Precariousness,"A Theme has the potential of falling from its current Location, which would likely result in damage. 'Now, balanced easily and firmly, he stood on the ledge outside in the slight, chill breeze.' 'A ba..."
Precipitation,"Water in some solid or liquid form (the Precipitation) falls from the sky at a particular Place and Time, lasting for a particular Duration. The Rate or Quantity of precipitation may also be indicated..."
Predicament,"An Experiencer is in an undesirable Situation, whose Explanation may also be expressed. 'The insurers ended up in the bind of having to pay 15 years' taxes.' 'He was in a bit of a pickle and make no m..."
Predicting,"A Speaker states or makes known a future Eventuality on the basis of some Evidence. Instead of (or in addition to) a Speaker, a Medium may also be mentioned. Likewise, a more general Topic may be stat..."
Preference,"An Experiencer has a greater desire to participate in some Event, as against another (contextually recoverable) event which exhibits a specific Contrast with the Event. Alternatively, the Experiencer ..."
Preliminaries,This frame describes means actions (Preparatory_acts) that are taken by an Agent for the purpose of preparing for a later act. Contrast this frame with a scenario involving earlier versions of some en...
Presence,"An Entity exists at a particular Location, at a particular Time, as observed by an implicit observer. A Depictive and/or Duration phrase is often found. This frame differs from Existence in that the L..."
Presentation_of_mitigation,"A Mitigating_situation is presented as occurring against the backdrop of a more preferable situation and a less preferable situation that, while expected, feared, or hoped for, did not or will not occ..."
Preserving,In this frame an Agent preserves a Patient in order to prevent it from decaying. A Medium may be used. 'Bill mummified John.' 'Tess pickled the beets in vinegar.' 'The Smiths dried the apples.'
Prevarication,"A Speaker communicates about a Topic in such a way as to mislead an Addressee, either by telling outright lies or by presenting a message in a misleading form. 'I lied to you about your Christmas pres..."
Prevent_or_allow_possession,"An Agent or Potential_hindrance keeps a Protagonist from having a State_of_affairs that they need or desire, or, despite the possibility of preventing the possession, they allow the Protagonist to hav..."
Preventing_or_letting,"A Potential_hindrance or an Agent (via their actions) keeps an Event from taking place, or despite the possibility of prevent the Event, do not do so. Lexical units which indicate that the event is no..."
Price_per_unit,A Product is offered by a Seller at a particular Price such that some total cost for the Buyer in the transaction is a multiple of the Price. 'Additional telephone rates may apply.'
Prison,This Frame deals with Penal_institutions. They are run by an Operator and may be intended to hold certain kinds of Inmates. Penal_institutions may have a special Name and their Location may also be in...
Probability,This frame characterizes the likelihood that a Hypothetical_event will happen as a position on a scale of impossible to inevitable. The likelihood can expressed as numerical Odds or a metaphorical rep...
Process,"This frame describes a complex event which lasts some amount of time, consisting of a beginning stage, a stage where the process is ongoing, and a finish or end. In some cases the process may pause, a..."
Process_completed_state,A Process is finished and can no longer proceed. 'The project is complete.'
Process_continue,"An Event continues at a certain Place through Time. (Note that often when 'continue.v' occurs with definite time points, it denotes Resumption, which is out of frame here.) NB: Refer to Process frame...."
Process_end,A Process comes to an end. 'The project came to a close.'
Process_resume,"An event resumes at a certain Place and Time. NB: Refer to Event frame. '' 'Both matches will resume tomorrow, after a day of rest.' 'Negotiations between Israel and the Palestinian authority have res..."
Process_start,An Event begins at a certain Time and Place. Reason may also be indicated. NB: Refer to Event frame. 'The project began.'
Process_stop,A Process stops at a certain Time and Place. Reason may also be specified. A Duration may be included in order to indicate the length of the persistence of the Paused-state before action resumes. NB: ...
Processing_materials,"An Agent alters some Material in some useful way by means of some chemical or physical Alterant. Typically, this involves placing a reagent in contact with the Material, or applying heat, pressure, et..."
Procreative_sex,This frame exists to define a type of Sex where the intended result is procreation.
Product_development,"An Developer develops a Product, in some cases for a Company. '' 'The development of a profitable product will be necessary for the company to stay afloat. INI' '' 'Heinrich will develop a great new p..."
Product_line,A specified Designer or a Brand creates and distributes a Collection of related Products. The individual Products may all be part of a set or may just be related by season or other arbitrary reason. '...
Progression,"An Entity changes from a Prior_state to a Post_state in a sequence that follows a pre-defined plan, expectation, or model of change. The change is usually assumed to be an improvement for the Entity. ..."
Prohibiting_or_licensing,"In this frame a State_of_affairs is prohibited (or allowed) by a Principle. Raising constructions are common in this frame. Because laws and principles usually focus on what is not allowed, the words ..."
Project,"An Agent, which may be an individual or group, is engaged in a complex Activity. A larger Goal which motivates the Agent carrying out the Activity may be indicated. Instead of a particular Activity, a..."
Proliferating_in_number,"The number of entities that make up the Set changes from an Initial_number to a Final_number. Alternatively, the situation can be described in terms of an Initial_state and a Final_state. In some case..."
Prominence,"An Entity stands out perceptually in comparison to other members of its type. 'Pilot Mountain in NC is very prominent.' 'First, from the Saturday images, the most prominent feature is a sharp spike em..."
Proper_reference,"A speaker marks explicitly that he intends to describe an Entity in a more restricted sense than it was used in the immediately preceding discourse, and that therefore his Intended_referent is differe..."
Proportion,"Criteria exist that identify a particular Subset of a Group of things into members and non-members. In this frame, a comparative relationship is determined which indicates the size of the Subset relat..."
Proportional_quantity,"The Denoted_quantity is (generally) an imprecise characterization of the quantity of Individuals or a Mass, made with reference to a relatively easily and precisely imaginable Reference_quantity. 'It ..."
Protecting,Some Protection prevents a Danger from harming an Asset. 'The rubber on her sneakers protected her from the mud.' 'The coral reefs shielded the coastline from the worst of the waves.' 'A growing numbe...
Protest,"A Protester (or Protesters) expresses a strong opinion either in support of or against an Issue, or the Action(s) of a Side which relate to the Issue. The public expression of support or opposition of..."
Provide_lodging,A Host provides a temporary Residence for a Lodger. 'We housed her in our home for a while.'
Public_services,This frame concerns permanent organizations (the Institutions) that are intended to help members of the Target_group in a particular Domain with a Service_action. Most or all relevant members of the T...
Publishing,"A Publisher makes a Work of an Author (or authors) available to some public Audience for general enjoyment, examination, and reference. The Medium of a Work can vary; examples include books, TV progra..."
Punctual_perception,"A Perceiver briefly perceives a Phenomenon, often resulting in partial or uncertain perception. A Body_part that enables the perception may be mentioned, either metonymically replacing the Perceiver o..."
Purpose,"An Agent wants to achieve a Goal, or an object. A Means has been created or is used to allow the creator or a user to achieve a Goal. The Goal is a state of the world that does not currently hold but ..."
Putting_out_fire,An Agent causes a Fire to no longer burn.
Quantified_mass,"This frame contains transparent nouns (and some adjectives) denoting quantities of a Mass or of Individuals. As opposed to aggregate words such as group, set, these Quantity do not have a status as Wh..."
Quantity,This frame contains nouns denoting Quantities of a specified Entity and their numerical Values. Note that the nouns in this frame DO NOT convey a gradable amount on thier own. 'His heart attack was ca...
Quarreling,A group of Arguers (also expressible as Arguer1 and Arguer2) express incompatible opinions or beliefs about an Issue. 'We bickered about semantics for an hour.'
Questioning,The words in this frame have to do with a Speaker asking an Addressee a question which calls for a reply (as opposed to making a request which calls for an action on the part of the Addressee). '' 'We...
Quitting,An Employee voluntarily leaves the service of an Employer. 'Leah quit her job after one month because of an evil force.' ' It's Time for Glenn Hubbard to Quit as CEA Chair' 'Its chief executive office...
Quitting_a_place,"A Self_mover leaves an initial Source location. The Path by which the Self_mover departs, and the Intended_goal of the Direction may also be mentioned. In many words which evoke this frame, there is a..."
Race_descriptor,"This frame covers LUs that describe the race of a Person. 'Carlos is hispanic, or so he says.'"
Range,"There is a certain physical Distance within which some other entity can participate in an Event (typically perception or manipulation) with the Participant. Alternatively, the Event may be indicated m..."
Rank,This frame contains nouns denoting a rank or level within an established hierarchy. 'His rank is colonel.'
Ranked_expectation,"An Entity is rated as unexpected for its context in terms of its magnitude. Either some different type of Entity with a different scope would be expected, or a different amount of the Entity. 'The ent..."
Rape,The words in this frame describe situations in which the Perpetrator has sexual intercourse with the Victim forcibly (or by threatening the use of force) and without his or her consent. '' 'Does the p...
Rashness,"A Protagonist performs some Action without fully considering the circumstances under which he or she acts, or the possibly (negative) consequences of the Action. Alternatively, the Action itself may b..."
Rate_description,"The LUs in this frame describe the level that a Rate, or the variation in some quantity over a period of time, deviates from the norm. The focal Event for which the Rate is relevant may be profiled as..."
Rate_quantification,An Event occurs that can be characterized by a given Rate. The Rate is a ratio of how much a particular quantity changes over time. Degree compares the the given Rate with a standard or expected rate ...
Ratification,"A Ratifier responds to a Proposal constructed by another party to make it binding over the Ratifier's jurisdiction or constituency. 'The ratification of the Kyoto protocol has been a long, hard slog.'..."
Reading_activity,"A Reader visually examines a Text, typically in a linear order, to understand its content. In place of the Text, a Topic may be mentioned. 'She ca n't read . INI' 'They read the bible nightly .' 'I 'v..."
Reading_aloud,"A Speaker interprets a written Text and speaks the contents, usually to an Addressee. The contents may be the Text verbatim or a representation of the text. 'I do think they read to them when they are..."
Reading_perception,"The Reader attends to a Text to process its information. Sometimes a particular kind of Sought_phenomenon is sought in the Text. '' The metaphor which allows motion verbs plus ""through"" to express rea..."
Reason,A volitional Agent is responding to a State_of_affairs by performing some Action. 'And was that your reason for becoming an actor ?' 'But Giles is the reason that I am here .' 'Oh my reason for includ...
Reasoning,"An Arguer presents a Content, along with Support, to an Addressee. The Content may refer elliptically to a course of action or it may refer to a proposition that the Addressee is to believe. Some lexi..."
Reassuring,A Speaker conveys a Message to an Experiencer in order to reassure them about a Situation; Medium and the Means of the communication also may be expressed. 'We reassured him that his decision was soun...
Rebellion,"An individual or group, the Rebel, rejects the authority of the Current_leadership, and attempts to bring them out of power. The rebellion may, but need not be violent. Rather than expressing rebellio..."
Receiving,A Recipient comes into possession of the Theme as a result of the joint action of the Donor and the Recipient. The Receiving frame like the Giving frame requires that the Donor first has possession of...
Recording,"An Agent sets down in permanent form information about the occurrence of a Phenomenon. Alternatively, the Agent records that an Entity had a particular Value for one of its Attributes. 'While visiting..."
Records,A Record that contains a permanent account of Data. This Record may be maintained by a Recorder for a certain Entity. '' 'The bank's books were not accurate.' 'He made notes of the subject's responses...
Recovery,These words describe the recovery or healing of a Patient from an Affliction without reference to the influence of any Treatment or Healer (see the Cure frame). '' 'My injuries had not yet completely ...
Redirecting,"An intentional Agent or a causing event (Cause) event causes a Theme which is already in motion to take a different Path or Direction, or reach a different Goal than the Original_path. 'The hotel busi..."
Reference_text,"In a text, a Source_of_information is given that provides a reader of the text with further Information relevant to the text. In this frame the author and reader are completely deprofiled, with the So..."
Referring_by_name,"A Speaker uses a particular linguistic form, a Name to refer to an Entity. The Entity often is an interlocutor but may be somebody that the Speaker is talking about, or even just a physical object. No..."
Reforming_a_system,"Because it no longer functions adequately under the given circumstances, an Agent (or non-Agentive Cause) undertakes steps to change the structural makeup of a complex Entity with interdependent parts..."
Regard,"A Cognizer has a Judgment of an Evaluee, expressing how high or low their regard for the Evaluee is. 'What do you think of him as a linguist?' 'She secretly thought well of him for his role in defrock..."
Rejuvenation,The action of an Agent or the occurrence of a Cause event returns an Entity to an earlier state of vigor and strength. 'Falling prices and wireless connectivity have breathed new life into the PDA mar...
Relating_concepts,A Concept_1 is related to Concept_2 by some Evidence. 'The single remaining piece of evidence linked Kirov the tailor to Kirov the dissident activist.' 'There is ample data relating earnings to years ...
Relation,A relation holds between Entity_1 and Entity_2. 'I see no relation between these animals.'
Relational_natural_features,"The Focal_feature is defined in relation to a Landmark_feature, either as a particular part, or as an immediately bordering entity. 'I'm on the summit of Mt. Shasta.'"
Relational_political_locales,"A Locale is defined politically to be the head of state of another, larger political locale, the Container_possessor. 'She had repeatedly been to the capital of the nation, and there had met with a re..."
Relational_quantity,"A quantity, the Numerator, can be understood in terms of how it relates to another quantity, the Denominator; the comparison of these two numbers is called the Rate. The nouns in this frame may denote..."
Relative_time,"These words relate to the relative ordering of two events or times. There are two major types of relations evoked by the words of this frame. '' Some of the words (e.g. follow.v, antecedent.a, previou..."
Releasing,A Captor ends the captivity or inhibition of the motion of a Theme from the Location_of_confinement. The release is in accord with the plans of the Captor. 'They released me from prison on New Year's ...
Reliance,"A Protagonist needs a Means action performed for their Benefit. The relevant Means action is often evoked only by reference to an Intermediary who performs it. Also, if the Protagonist performs the Me..."
Reliance_on_expectation,"A Cognizer takes a certain Expectation to be a reliable fact, such that their plans can be based on it. 'I can always count on him being late to work when it's raining.'"
Religious_belief,A Believer has faith in a piece of Content or an Element which fits into a religious belief system made up of many articles of faith. The Content is not necessarily tied to direct sensory experience. ...
Remainder,"A Resource is depleted by some process, resulting in there being only a Remainder in existence some time into or after the process. The original Resource may be indicated metonymically via reference t..."
Remembering_experience,A Cognizer calls up an episodic memory of past Experience or an Impression of a Salient_entity formed on the basis of past experience. The Cognizer may also remember the Salient_entity in a particular...
Remembering_information,A Cognizer retains facts in memory and is able to retrieve them. The Mental_content may be presented in clearly propositional form as a finite clause. It may also take the form of an embedded question...
Remembering_to_do,A Cognizer thinks of and performs an Action that is a self- or other-imposed task or some other kind of desirable behavior. The Action may involve a Salient_entity in some way affected by the Cognizer...
Removing,"An Agent causes a Theme to move away from a location, the Source. The Sourceis profiled by the words in this frame, just as the Goal is profiled in the Placing frame. 'I saw that several men in dark s..."
Render_nonfunctional,An Agent affects an Artifact so that it is no longer capable of performing its inherent function. 'I broke the TV.'
Renting,A Lessee gains the use of Goods owned by a Lessor by payment to the Lessor. 'We are renting our apartment from a kind man named Tom.'
Renting_out,A Lessor who owns some Goods allows a Lessee to use the Goods temporarily in exchange for Money. 'I rented my cabin to him.'
Renunciation,A Speaker declares that they will no longer be involved with the Content. Such a declaration implies that the Speaker has decided that association with the Content is somehow undesirable. 'That will o...
Reparation,"The words in this frame describe the process of making amends for some (wrongful) action (the Injury) committed by the Wrongdoer. In this process, in order to appease the Injured_party or to follow la..."
Repayment,"A Debtor gives a Loaner Money in return for having borrowed Money at an earlier time. Alternatively, the type of Loan can be expressed as the object of repayment. 'I am paying back $2,000 of my studen..."
Repel,A Defender successfully repels the aggressive attempt of takeover by an Enemy. 'We repelled the invaders.'
Replacing,An Agent changes the filler of a Role by placing a New filler in the position after the Old filler ceases to occupy the position. Often this entails the Agent removing the Old filler. In most cases th...
Reporting,In this frame an Informer informs the Authorities of the illegal or otherwise improper Behavior of the Wrongdoer. ' Tony reported Michael to the police for breaking into his car. ' ' The teacher repor...
Representative,A Representative is authorized by a Represented to communicate on behalf of the Represented. 'She is a representative for Pepsi.'
Representing,"An Entity represents some Phenomenon through its existence and/or defining characteristics. Sometimes a Cognizer, a people or group of people who believe in the representation, is expressed. 'A bear s..."
Request,"In this frame a Speaker asks an Addressee for something, or to carry out some action. 'The customer demanded a refund.' 'I begged my parents to let me stay up late.'"
Request_entity,A Customer requests an Entity from a Supplier. The Customer can order the Entity himself or via a Medium. '' 'I ordered a black scarf from J. Crew a week ago.' '' 'Mr. Strom's order has been cancelled...
Required_event,"Unless a particular Required_situation obtains, Negative_consequences will follow. Alternatively, the Required_situation is required to achieve a Purpose (which avoids Negative_consequences). A set of..."
Rescuing,An Agent saves a Patient or an Asset from a Harmful_situation. 'Israeli commandos rescued the hostages and left.' 'His German shepherd saved him from drowing once.' 'She saved my life on the bridge ye...
Research,"A Researcher (an individual a group or institution) attempts to answer a Question by means of consulting literature, observation, or conducting experiments in a particular Field pertinent to the Quest..."
Reserving,"In this frame, a Booker brings about a situation where an Organization plans to provide Services to a Client at a particular Scheduled_time. The Organization has authority over when Services are provi..."
Reshaping,"In this frame a Deformer deforms a Patient possibly against a Resistant_surface such that it undergoes a shape-change from its canonical or original shape into the Configuration, a new shape. Some of ..."
Residence,"This frame has to do with people (the Residents) residing in Locations, sometimes with a Co-resident. 'Peter lives in New York.' 'Sue is an inhabitant of Los Angeles.'"
Resolve_problem,"An Agent resolves an outstanding Problem by finding its solution, explanation, answer, etc. Alternatively, some non-agentive Cause may resolve the Problem. The Means, Degree, Time and Place may also b..."
Respond_to_proposal,"A Speaker addresses a Proposal made by an Interlocutor, either agreeing to it or rejecting it. Agreeing entails a social responsibility on the Speaker to bring about some state of affairs encoded in t..."
Response,"An Agent performs a Response action in consequence of a Trigger event. In many cases, a non-agentive Responding_entity causes the Response after the Trigger occurs. 'I respond to earthquakes by hiding..."
Responsibility,An Agent is responsible for having intentionally performed an Act or for being the or a primary instigator behind the Act. There is often a sense of negative evaluation of the Agent for having done so...
Rest,"One Part of a larger Whole has been mentioned, is inferrable, or is available in the discourse setting and the previously unmentioned part, the Rest, is now mentioned. 'The lenses , like the rest of t..."
Resurrection,"A Protagonist which had been dead returns to life. 'He'll come back from the dead at 11:03PM exactly, since that's what his suicide note indicated.'"
Retaining,In this frame an Agent continues to possess a Theme for a Duration of time. '' 'In her heart she must retain bitterness against those who had killed him.' 'I kept the iPhone Sally gave me.'
Reveal_secret,"A Speaker reveals Information that was previously secret to an Addressee. In some cases, the Addressee is expected to keep the Information from other parties. The Information may be damaging to the re..."
Revenge,"This frame concerns the infliction of punishment in return for a wrong suffered. An Avenger performs a Punishment on a Offender as a consequence of an earlier action by the Offender, the Injury. The A..."
Revolution,"An Agent brings about a radical change in leadership by removing the Current_leadership and potentially dismantling the Current_order, outside recognized means of doing so (e.g., elections). 'Recent r..."
Rewards_and_punishments,"An Agent (the punisher or rewarder) performs a Response_action on an Evaluee for a Reason, the Evaluee's actions or beliefs. Means and Instrument may also be indicated. The goal of the punishment/rewa..."
Ride_vehicle,"In this frame a Theme is moved by a Vehicle which is not directly under their power. The Source, Path, Goal, or Area of the motion may be indicated. The Distance traveled or the Speed of motion may al..."
Rising_to_a_challenge,"A Protagonist, by exerting great effort, comes to meet the pre-conditions for participating in an Activity that is judged to be difficult for them to participate in, either due to their inherent prope..."
Risky_situation,"A particular Situation is likely (or unlikely) to result in a harmful event befalling an Asset. The Situation may be a state, an activity, or some focal entity that must be inferred to be part of some..."
Rite,"This frame concerns rituals performed in line with religious beliefs or tradition. 'In certain fertility rites in Burma , a woman desirous of offspring is required not only to approach the King Cobra ..."
Roadways,"This frame involves stable Roadways which connect two stable Endpoints, the Source and the Goal. Being physical objects, these Roadways may have Names and Characteristics; they are also made of a Mate..."
Robbery,"These are words describing situations in which a Perpetrator wrongs a Victim by taking something (Goods) from them. In some cases, the Source location from which the Goods were taken is used to metony..."
Rope_manipulation,An Agent manipulates a linear entity (the Rope) to form a Knot. 'Harry tied the rope into a slipknot.' 'Patty and Selma knotted the ties of their aprons.'
Rotting,"In this frame a Patient, which is an organic substance, undergoes the natural process of decaying from an Initial_state to a Result. 'The leaves rotted into a mass of slime.' 'The dresses decayed from..."
Run_risk,A Protagonist is described as being exposed to a potentially dangerous situation that may end in a Bad_outcome for him- or herself. An Asset which is in danger of loss may stand in for the Bad_outcome...
Sacrificing_for,An Agent sacrifices an (often abstract) Asset in exchange for a Benefit which is deemed better or more worth having. 'We never sacrifice quality for price.' 'What are you willing to sacrifice to get a...
Satisfying,"This frame describes an Agent or an Entity meeting or not meeting a Standard. Alternatively, an action or occurrence may be construed as an Event that meets or fails to meet the Standard. 'Will my cou..."
Scarcity,"The Quantity of a Collection occurring in a Place has a particular Measure, which is related to the amount generally needed. 'There is evidence that volatile materials have always been scarce on the M..."
Scheduling,An Agent schedules an Event to take place at a specified Scheduled_time and Place. 'Gina scheduled a dentist appointment for Monday in Berkeley.' 'Christa set up an afternoon meeting to discuss the ne...
Scope,An Event is described in terms of the diversity of entities that are affected or considered in the Event. Alternatively a Salient_entity which enables or brings about the Event can be similarly descri...
Scouring,"A Searcher looks all over a Ground in order to find a Sought_entity. The Sought_entity is not presupposed to exist. The search activity is not concerned with the state of the Ground, which is the case..."
Scrutiny,"This frame concerns a Cognizer (a person or other intelligent being) paying close attention to something, the Ground, in order to discover and note its salient characteristics. The Cognizer may be int..."
Secrecy_status,"A Phenomenon, which may be an activity, state or object, is purposefully hidden from the awareness of a potential Cognizer. The person responsible for the hiding of the Phenomenon is not part of this ..."
See_through,A Cognizer realizes that a State_of_affairs (or Focal_entity within the State_of_affairs) is meant to deceive (the Cognizer is not necessarily the intended victim of the deception). The Cognizer comes...
Seeking,A Cognizer_agent attempts to find some Sought_entity by examining some Ground. The success or failure of this activity (the Outcome) may be indicated. NB: This frame should be compared to the Scrutiny...
Seeking_to_achieve,"An Agent intends and takes steps towards bringing about a State_of_affairs or, metonymically, towards acquiring a Sought_entity . 'Libya sought nuclear weapons in the 1960s.' 'North Korea sought sever..."
Self_control,An Agent actively (yet not always with success) attempts to keep themselves from participating in an Event. The Agent is usually pushed to the Event because of an internal urge. '' 'He couldn't help b...
Self_motion,"The Self_mover, a living being, moves under its own direction along a Path. Alternatively or in addition to Path, an Area, Direction, Source, or Goal for the movement may be mentioned. 'She walked alo..."
Sending,A Sender plans the Path (along with Source and Goal) of a Theme and places it in circumstances such that it travels along this Path under the power of some entity other than the Sender. This frame als...
Sensation,This frame contains nouns that refer to sensations in different modalities. The FE Source is used for the phenomenon that gives rise to the sensation in question. The FE Percept is used for the charac...
Sent_items,"A Sent_item is prepared for, received after, or involved in a process of Sending, which may involve a particular kind of Transport_means. The Sent_item has an (intended or actual) Sender and Recipient..."
Sentencing,"During a court appearance, a Sentence, generally a punishment, is imposed on the Convict by a Court, usually represented by a judge. 'The judge sentenced Martha Stewart to 2 years in prison for inside..."
Separating,"These words refer to separating a Whole into Parts, or separating one part from another. The separation is made by an Agent or Cause and may be made on the basis of some Criterion. 'I divided the clas..."
Sequence,The words in this frame describe entities that occur in some temporally-ordered sequence. The entities thus have some sort of relation between them that might be described by the Relative_time frame. ...
Serving_in_capacity,An Agent occupies a Role in some institution. This Roleis (usually) temporary and can be occupied by other entities at different periods of time. It is common for a Duration of the Role to be mentionn...
Set_of_interrelated_entities,"A group of Component_entities along with their interrelations is viewed as a Complex. 'By definition, no external forces act upon an isolated system of particles.' 'Earth is a contained system which r..."
Setting_back_burn,A Firefighter sets a controlled fire to remove fuel from a currently incompletely controlled fire.
Setting_fire,"This frame describes either the creation of a Flame by a Kindler or non-sentient Cause, or the igniting of Flammables by a Kindler or a Cause. 'Taliban militants recently set fire to several schools.'..."
Setting_out,"A Self_mover begins a journey at a Source location, in a particular Directiongenerally setting out with an Intended_goal in mind. 'At about 1:00 in the morning, climbers set out for the summit.' 'The ..."
Severity_of_offense,In this frame an Offense is described in terms of the legal or other punishing action that can be taken in response to the offense. ' He committed an indictable crime . '
Sex,"Participants in a Sex act engage in or are subjected to sexual contact. Often the LUs in this frame are suggestive euphemisms which refer to non-sexual physical contact, Giving/Receiving scenarios, fr..."
Shaped_part,"An entity is a shaped Part of a larger Whole. The Part may correspond in form and function to a part of another entity. For instance, the leg of a table supports the weight of a table like the leg of ..."
Shapes,"This frame contains words which describe the dimensional extent and Shape of a Substance. These words do not make reference to a Part-whole relationship. There can also be a descriptor of the Shape, S..."
Sharing,"In this frame Protagonist_1 and Protagonist_2, collectively Protagonists, allow one another to partake jointly the use of an Entity . 'More than half of the group shared needles.' 'I shared the cake w..."
Sharpness,An Entity has a Sharpness characterized by its capability to cut. The Sharpness is a value of the Attribute of sharpness. 'That axe seems dangerously sharp.'
Shoot_projectiles,An Agent causes a Firearm to discharge which induces the rapid motion of the Projectile. 'The bank robber shot at the clerks with an AK-47.' 'Shooting a cannonball isn't as easy as it looks. CNI' Note...
Shopping,A Shopper looks for Goods in order to purchase them. 'She shopped for a new hat.'
Short_selling,"Short selling, a common financial market concept, involves an Intermediary selling Assets to the Market, having borrowed these Assets from a (generally implicit) Lender. The Intermediary is obligated ..."
Sidereal_appearance,"An Astronomical_entity comes into view above the horizon as part of a regular, periodic process of (apparent) motion of the Astronomical_entity across the sky. In the case of the sun, the appearance b..."
Sign,"A phenomenon, the Indicator, exists as an indication of another phenomenon, the Indicated. The relationship is asymmetric: the Indicated is not necessarily a sign for the existence or presence of an I..."
Sign_agreement,"A Signatory signs an Agreement document, thereby taking on a commitment encoded in the Agreement. '. During this time, 84 countries (including the United States) signed the Protocol.'"
Silencing,"An Agent causes a Speaker to become silent, sometimes about a particular Topic. 'The teacher quieted the children's laughter.'"
Similarity,"Two or more distinct entities, which may be concrete or abstract objects or types, are characterized as being similar to each other. Depending on figure/ground relations, the entities may be expressed..."
Simple_name,"A Term is the linguistic sign conventionally used by a Speaker to refer to a type of Entity. ' Perianth is a collective term for the outer whorls of the flower, which protect the reproductive parts du..."
Simple_naming,"A Speaker conventionally uses a particular Term to refer to an Entity. 'The pattern of conservation is similar to that found in C1_1, therefore we have termed this domain DC1 for divergent C1 domain.'"
Simultaneity,"Two Events happen at the same time. This may either be construed symmetrically as a relation holding between the Events, or asymmetrically as holding between a Landmark_event whose known occurrence is..."
Size,"The size of an Entity is assessed in terms of the Degree by which it deviates from the norm. The size generally refers to the amount of three-dimensional space that is occupied by the Entity, not prim..."
Sleep,The Sleeper stays in an altered state of consciousness with greatly reduced external awareness. 'We slept.'
Smuggling,The words in this frame describe situations in which the Perpetrator secretly takes Goods into or out of a country or other area which are prohibited by law or on which one has not paid the required d...
Soaking,"In this frame, an Agent places the Theme in the Medium for an extended period of time, with the intent that the Theme will be affected by and absorb some of the Medium. ' Ellen soaked the beans in the..."
Soaking_up,An Item becomes filled with a Substance as a result of movement of liquid into visible or invisible interstices in the Item. 'Paper and board absorb moisture in the winter.' 'A stable soil soaks up wa...
Sociability,"These words describe how outgoing or sociable a Protagonist is judged to be by a (usually implicit) Judge, often in a particular context, either with certain people (the Company), or about a particula..."
Social_connection,A mutual social and personal relationship that keeps people involved in each other's lives comprises a Connection of Individual1 to Individual2 or between Individuals. 'They wanted to strengthen their...
Social_desirability,"This frame contains LUs which are like those of the Desirability frame except the Evaluee incorporates the Parameter as ""associated with a percieved place in a social heirarchy"" for all LUs. LUs are n..."
Social_event,"A Social_event occurs at which Attendees are present to conduct a social function or joint activity. The Social_event is often a party or celebration, in which case it is possible to express someone w..."
Social_event_collective,"This frames describes a social event where there may or may not be a permanent or semi-permanent relationship between participants. Additionally, participants in this frame are expressed in one repres..."
Social_event_individuals,"This frames describes a social event where there may or may not be a permanent or semi-permanent relationship between participants. Additionally, participants in this frame are expressed separately, a..."
Social_interaction_evaluation,In this frame an Evaluee is judged by a (usually implicit) Judge to be of a certain character based on her or his Behavior towards other human beings; a specific Affected_party may be overtly mentione...
Sole_instance,An Item is the only instance of its Type. 'Steven is the sole survivor in his family.'
Sound_level,An Entity is judged by a sound Attribute of some perceived level of Volume intensity. 'The radio is very loud.'
Sound_movement,"A Sound emitted by a Sound_source, which construed as a single point, moves along a Path. Rather than the Sound_source itself, the Location_of_sound_source may be mentioned. Essentially, this frame de..."
Sounds,"This frame is concerned with the percepts that vibrations which travel through the air or another medium produce in hearing organs. Sounds are a subtype of sensation. In talking about sounds, speakers..."
Source_of_getting,A Goal has a Source from which it has gotten a Theme. The Goal may be a sentient recipient who has actively obtained the Theme but it may also be a non-sentient entity that gets the Theme as a result ...
Spatial_co-location,"A Figure is located essentially at the same location as a Ground, which is viewed as point-like, or having no important internal or external structure. Typically, the Ground is viewed as point-like du..."
Spatial_contact,"A Figure is located in contact with a Ground. With some words that evoke this frame, the Figure is also asserted to be fully or partially supported by the Ground (e.g. on), while in others a support r..."
Speak_on_topic,"A Speaker addresses an Audience on a particular Topic. The Audience is generally passive, although for many types of address (including academic talks and press conferences), a discussion or question-..."
Specific_individual,LUs in this frame denote that the Instance of a Type is contextually notable. This frame typically requires dual FE layer annotation; see below. 'I contrived to acquire a particular vintage of Merlot'...
Speed_description,"An Entity is in motion at a particular Speed, a momentaneous description of distance traveled per time. 'The car went by real fast.' 'The car is really fast.' 'Oh yeah, Maseratis are fast! INI' 'The s..."
Spelling_and_pronouncing,"A Speaker realizes a Sign, usually a linguistic one, in some Formal_realization. The Formal_realization may be described as correct or incorrect in a Judgment expression, or it may be partially indica..."
Sports_jargon,"This frame contains LUs that have to do with the terminology used in competitive sports until a more complete, domain specific series of frames are created for the respective sport. This frame is a pl..."
Stage_of_progress,"An Entity is at a particular stage of its development. ' The Next Generation Internet (NGI) Program has been successfully completed.' 'Osama bin Laden, prime suspect in the US terror attacks, is outfo..."
Standing_by,"A Protagonist waits for an Expected_request, and is prepared to respond to the request when it comes by engaging in an Activity. Alternatively, the Protagonist waits for a Salient_entity involved in t..."
State_continue,"Despite some implication that a State would be interrupted, the Entity remains in the specified State. Note that State includes locative relations. 'Online security remains elusive.' ''"
State_of_entity,"An Entity is in a specified State. When not explicitly specified, the State usually concerns the Entity's health, repair, or functioning. The State is also often assessed with an Evaluation and it may..."
Statement,"This frame contains verbs and nouns that communicate the act of a Speaker to address a Message to some Addressee using language. Instead of (or in addition to) a Speaker, a Medium may also be mentione..."
Stimulus_focus,In this frame either a Stimulus brings about a particular emotion or experience in the Experiencer or saliently fails to bring about a particular experience. Some words indicate that the Stimulus is c...
Stinginess,"In this frame, a Resource_controller is judged by a Judge (who is usually implicit) according to how freely they allow the Recipient access to their Resource. The Resource_controller may exhibit this ..."
Store,A Supply of a Resource is kept safe and available for a future Use. The Supply may be under the control of a Possessor. 'Our supply of food is running low.'
Storing,An Agent has placed a Theme in an accessible but somewhat out of the way Location for the purposes of maintaining it free from harm and illegitimate use while it is not being used.
Strictness,"These adjectives describe the degree of strictness or tolerance of an Agent, usually with regard to another person (the Controllee) and often with regard to a particular Issue. The strictness/lenience..."
Studying,"A Student enrolls and then remains at an Institution for the purposes of education within a Subject. They may receive instruction from a particular Teacher at the Institution. The Place, Time, and Dur..."
Suasion,"A Speaker succeeds in getting an Addressee to believe or plan to execute the Content the Speaker has in mind. In most cases, the information is related to some course of action for the Addressee, and ..."
Subjective_influence,"An Agent, Situation or Entity has an influence on a Cognizer. The influence may be general; or it may be manifested in the Cognizer's engaging in an Action as a consequence of the influence; or the Co..."
Subjective_temperature,An Experiencer senses different degrees of warmth that may or may not be related to the ambient temperature. The level of warmth is usually compared against the Experiencer's subjective standard of co...
Submitting_documents,"A Submittor gives Documents to an Authority so that they can be processed as part of an application, evaluation or other official or bureaucratic process. 'I was sure I had passed as soon as I handed ..."
Subordinates_and_superiors,"Two individuals, the Subordinate and the Superior have a relationship such that the Subordinate generally follows orders given by the Superior and has the best interests of the Superior in mind. 'The ..."
Subsisting,"An Entity survives a situation with some Support, which tends to be far below the accustomed or standard level expected. The Degree to which the Support is responsible for the Entity's survival may be..."
Substance,"This frame concerns internally undifferentiated Substances. 'As their gut bacteria ferment cellulose , they generate methane gas , which escapes from the rear ends of the insects.' ' The pipes are lea..."
Substance_by_phase,In this frame a Patient is in a phase brought about after a change of phase. This can be its inherent phase or indicate that it is returned to its inherent state. 'Collect up the thawed water from the...
Subversion,"A Counter_actor or Cause impedes an Agent in an Activity or impedes the unfolding or continuation of a State_of_affairs. The opposing force applies without first being noticed, often in a secret or an..."
Success_or_failure,"An Agent has attempted to achieve a Goal, and the actual outcome of the Agent's action has been resolved, so that it either specifically matches the Agent's intent (e.g. success) or does not match it ..."
Successful_action,"The Means action by which a deprofiled agent (the Protagonist) has attempted to achieve a Goal, is finished and the actual outcome of the Means action has been resolved, so that it either specifically..."
Successfully_communicate_message,"A Communicator speaks to an Addressee in such a way that the Addressee understands and fully appreciates the truth and/or relevance of the Message. ' Marred by overblown writing , this first novel by ..."
Sufficiency,"An Item is located on a Scale relative to a critical value which is determined by some Enabled_situation. Generally, when the Enabled_situation is left unexpressed the Enabled_situation is interpreted..."
Suicide_attack,"An Assailant attacks a Victim, intending to die in the process. In the prototypical case, the attack is designed to kill the Assailant, as when a pilot deliberately crashes a plane into the target. 'T..."
Suitability,"This Frame is concerned with evaluating an Evaluee as being suitable for a Purpose or a User, presupposing some choice that is being made about which Evaluee to use for the Purpose or User. An LU like..."
Summarizing,A Communicator processes some information (either from textual or real-world/perceptual sources) regarding a State_of_affairs into a concise form (a summary) that contains the essential content in bri...
Supply,A Supplier gives a Theme to a Recipient to fulfill a need or purpose (Imposed_purpose) of the Recipient. 'Habituating the ground nesting chimp groups is done by provisioning them with sugar cane. CNI ...
Supporting,A Supporter assists to strengthen the Supported by lending itself in material aid (or abstract assistance in the case of metaphorical uses). 'The bottom of the wall is supported by the foundation.' 'M...
Surpassing,In this frame a Profiled_item is higher that its Standard_item on a scale with respect to some Attribute. The Extent of the difference between the Standard_item and the Profiled_item may also be menti...
Surrendering,In this frame a Fugitive presents himself or herself to the Authorities to be subject to the criminal process. ' The bank robber surrendered to Berkeley police. ' ' Norte is expected to surrender to p...
Surrendering_possession,"A Surrenderer is compelled to transfer a Theme to a Recipient. 'Shortly after the boy surrendered the gun, the three remaining warriors made a rush for liberty.' 'He finally surrendered the item after..."
Surrounding,A Figure surrounds a Ground. The Ground location is presented as more likely to be a known location than the location of the Figure. Some lexical units entail more-or-less complete surrounding in two ...
Surviving,"A Survivor manages to avoid being negatively affected, despite encountering a Dangerous_situation. The negative effect is most often death, destruction, or a metaphorical construal of one of these. 'W..."
Suspicion,"A person or group, the Authority, believes that another person, the Suspect is a participant in a criminal Incident. 'The police suspect Noah Rogers of aiding the robbery last night at Shop-n-drive.'"
System,A Complex with a particular Function is formed out of Component_entities. The function may be expressed by reference to a Salient_entity involved in the working of the Complex. 'The body's immune syst...
System_complexity,"A System is perceived as complex depending on the intricacy of the interconnectivty of its parts or components. These individual parts or components do not function as frame elements in this frame, ev..."
Take_place_of,"A New filler occupies a Role or serves a Function after the Old filler ceases to occupy the position. In many cases, the Role or Function is implicit. 'Gas can substitute entirely for petrol.' 'Someti..."
Taking,An Agent removes a Theme from a Source so that the it is in the Agent's possession. 'Milton took the can of beer out of the refrigerator.'
Taking_captive,An Agent begins preventing a Captive from moving despite a tendency or desire on the part of the Captive to do so. 'Authorities recently captured several suspects who were hiding in a remote mountain ...
Taking_sides,A Cognizer has a relatively fixed positive or negative point of view towards an Issue. A Side in a debate concerning an Issue or an Action of a Side may stand in for the Issue. The Cognizer's Degree o...
Taking_time,"An Activity takes some Time_length to complete. If an Agent is involved they may stand in metonymically for the Activity. For some LUs (e.g., fast, speedy) the Degree to which the Activity is conceive..."
Talking_into,"A Speaker expresses through language his wish to get the Addressee to act. The Addressee forms an intention to act and does so. '' 'You think I talked Peter into giving me those earrings, don't you?' ..."
Tasting,An Agent ingests or begins to ingest a Food item that they have not had before with the intention of determining its quality on some scale. A Purpose for trying the Food may be explicitly mentioned. '...
Team,A Team is a group with shared goals and works toward them together in a coordinated fashion.
Telling,"A Speaker addresses an Addressee with a Message, which may be indirectly referred to as a Topic. Instead of (or in addition to) a Speaker, a Medium may also be mentioned. 'I told him about the party.'"
Temperature,"An Entity has a Temperature characterized by the target. The Temperature is a value of the temperature Attribute. 'The pan is already too hot to touch.' 'The walk-in was freezing, but it was better th..."
Temporal_collocation,"A Trajector is identified as occurring at the same time as some better-known Landmark. We consider sequenced calendric units (e.g. Tuesday, 1987, January) as periods for the purposes of this frame. So..."
Temporal_pattern,A salient Subevent has a Pattern of recurrence within a larger Process. 'Tony's fingers tapped rhythmically on the keyboard'
Temporal_subregion,"A Subpart of a Time_period is picked out. In some cases, the part (as opposed to the entire Time_period) may be described by a Subpart_property. The Time_period may be indicated by an event which take..."
Temporary_group,A Temporary_group is formed from members of a Parent_organization for a particular Purpose. The Temporary_group does not exist independently within the Parent_organization. It is under the control of ...
Temporary_leave,"A Person takes leave from his or her routine Activity (such as work or school) for a Duration of time. The Duration can be any length of time, as long as the absence is temporary. '' 'The claimant sho..."
Temporary_stay,"A Guest stays for a time at a Location, which is not his or her permanent residence, for some Duration. The Location is often the permanent residence of a Host. 'I usually stay with my aunt at her sum..."
Terms_of_agreement,"A condition that is set out in an Agreement imposes Requirements on a Party or parties, with respect to some Regulated_entity. If the conditions are not met, the Agreement as a whole ceases to be vali..."
Terrorism,A Terrorist commits a violent or otherwise harmful Act upon a Victim in order to coerce or terrorize a government or populace. The Act may be committed in particular for political or ideological reaso...
Text,"A Text is an entity that contains linguistic, symbolic information on a Topic, created by an Author at the Time_of_creation. It may be a physical entity that is made of a certain Material etc. It may ..."
Text_creation,"An Author creates a Text, either written, such as a letter, or spoken, such as a speech, that contains meaningful linguistic tokens, and may have a particular Addressee in mind. The Text may include i..."
Theft,These are words describing situations in which a Perpetrator takes Goods from a Victim or a Source. The Means by which this is accomplished may also be expressed. 'I can't believe he pickpocketed my g...
Thermodynamic_phase,This frame describes the attributes of a thermodynamic Phase of Matter. '' 'The molten stateof the lava.'
Thriving,"An Entity is in a state such that it participates in a preponderance of states and events which are desirable for it. For living entities, this may entail a proliferation of instances of the entity, o..."
Thwarting,"In this frame a Preventing_cause interferes with the ability of a Protagonist to complete an intended Action. The Protagonist may not be mentioned in the sentence, in which case the Action is an endea..."
Time_period_of_action,LUs in this frame denote a period of time in which an Enabled_action becomes possible. The Duration of this time period can be both exact and inexact. An Agent who performs the Enabled_action may be m...
Time_vector,"An Event is identified as occurring at a particular Distance and in a particular Direction from a Landmark_event. The lexical units incorporate the Direction and, in some cases, the Landmark_event. Th..."
Timespan,"The words in this frame describe a period of time, as opposed to a point in time. 'The best time of year for planting tends to be fairly regular.'"
Timetable,"A Timetable of Events is a mental object deliberately created, modified or kept by a Cognizer. The Timetable is often modified by an adjective depicting a Period_of_iterations or a dependent noun expr..."
Tolerating,"The words in this frame describe an Experiencer's feelings of tolerating with respect to some Content. A Reason for the toleration may also be expressed. Although the Content may refer to an actual, c..."
Tool_purpose,"A living entity intends a Tool to be able to fulfill a generic Purpose. The material from which the tool is created can be something natural or something manmade, including another tool. 'The use of a..."
Topic,A stretch of linguistic discourse or a Text that a Communicator produces has a Topic that it is about. 'Chapter 5 discusses the issue of transubstantiation.' 'Smither's essay is about plane spotting.'...
Touring,"A Tourist experiences an Attraction, a location with a unique history or other societally recognized individual character, with the goal of seeing and learning about it. Typically, the Attraction has ..."
Toxic_substance,"A Toxic_substance causes death or harm when introduced into or absorbed by a living organism, the Victim. The Toxic_substance may be specified to be produced by or contained in a Toxin_source. The Tox..."
Transfer,This frame involves a Donor transferring a Theme to a Recipient. 'I transferred $20 to his account.'
Transition_to_a_quality,"An Entity ends up with a particular new Final_quality. 'The milk has gone sour already .' There is only one lexical unit, go.v, that evokes this frame directly in English, and it combines only with a ..."
Transition_to_a_situation,"An Entity ends up in a Final_situation. 'I have come to appreciate good coffee .' 'We have come to expect three meals a day .' 'When the history of our times comes to be written , They Organized Thems..."
Transition_to_state,"An Entity ends up in a Final_category, Final_situation, or Final_quality which it was not in before. Some members of the frame (e.g. grow.v) tend to emphasize a gradual change, while most members of t..."
Translating,"A Cognizer produces a Target_symbol which represents, in the Target_representation format, a Content that pre-exists in the form of a Source_symbol in a Source_representation format. '' 'This word is ..."
Transportation_status,"A Rider is being transported in a Vehicle, or is moving on foot. 'Mounted police officers are a common sight in this village.' 'You mean to say they are on foot?'"
Trap,A Deceiver sets up a Trap in order to cause a Victim to have an incorrect understanding about a situation. The Deceiver anticipates that this will lead the Victim to take a course of action (including...
Travel,"In this frame a Traveler goes on a journey, an activity, generally planned in advance, in which the Traveler moves from a Source location to a Goal along a Path or within an Area. The journey can be a..."
Traversing,"A Theme changes location with respect to a salient location, which can be expressed by a Source, Path, Goal, Area, Direction, Path_shape, or Distance, as shown in the examples below: '' 'Start your as..."
Treating_and_mistreating,"In this frame an Agent is evaluated as behaving toward an Affected_Party in some Manner, which may or may not be incorporated into the target LU. 'Douglas always treated Mary well.'"
Trendiness,"A Behavior, attributed to an Evaluee, conforms with or is heavily influenced by a popular trend or practice, often in the realm of fashion, design, though extending social and interactional behavior i..."
Trial,A trial is a process conducted in a Court before a Judge and (usually) a Jury in which the participants meet in order to decide a Case. The Prosecution attempts to prove that the Defendant is guilty o...
Triggering,"A Cause triggers a System to operate in accordance with its intended purpose. Alternatively, an Actor (acting volitionally or not) which participates in the Cause, stands in for the Cause. The System ..."
Trust,A Cognizer thinks that the Information given by a particular Source is correct. The specific Content or Topic of the Information may also be described. '' 'I don't trust this information.' 'Nobody wil...
Try_defendant,A Defendant is tried by a Jury or Judge in a Court for Charges. This frame perspectivalizes the general Trial frame. 'The state will try him for fraud.'
Trying_out,"An Evaluator participates in an Experience (or metonymically, a salient Entity of the Experience), often for the first time, in order to form an opinion about its quality. The aspect of quality that i..."
Turning_out,A State_of_affairs turns out to be true in someone's knowledge of the world. This may be recognized with evidence or in certain circumstances. The cognizer whose beliefs are affected is not expressed....
Type,"This frame has to do with nouns denoting types of entities. The Subtype refers to a collection of members of a more general Category which have certain defining characteristics; alternatively, the Sub..."
Typicality,"A State_of_affairs is generally, or with regard to a particular Feature, representative of its class, which may be narrowed to a specific Comparison_set. 'The Elan truly is an unusual car; the first a..."
Unattributed_information,A Reported_fact is presented by the speaker as deriving from statements (made directly to them or to others) of third parties. 'Four purported gang members could face death penalty in Virginia slaying...
Undergo_change,"An Entity changes, either in its category membership, its situation, or in terms of the quality of an Attribute. In the first case, where category membership is changing, an Initial_category and a Fin..."
Undergo_transformation,"An Entity changes from one kind of thing (Initial_category) to another kind of thing (Final_category). Whether the Initial_category is mentioned or not, the change is viewed as negating some Initial_c..."
Undergoing,An Entity is affected by an Event. 'The hotel is undergoing renovations at this time.'
Undressing,A Wearer removes an item of Clothing from a Body_location (the part of the body that the Clothing is prototypically worn on.) 'Walking on sand is better if you take off your shoes. INI'
Unemployment_rate,"Based on how many Individuals are employed, the Individuals as a whole are described with a Value (either a percentage or absolute number) representing the Employment of the Individuals. 'Unemployment..."
Use_firearm,"An Agent causes a Firearm to discharge, usually directing the projectile from the barrel of the Firearm (the Source), along a Path, and to a Goal. 'The Germans wouldn't stop shooting cannons at them.'..."
Used_up,"Through use, a Resource is diminished in quality or quantity (up to complete attrition) such that it becomes less capable of sustaining future use. 'My entire life savings is depleted due to universit..."
Usefulness,"An Entity aids in the successful completion of a Purpose. Its Degree of utility may also be expressed. Some of the lexical units in this frame (e.g. great, good) can only express permanent, generic st..."
Using,"An Agent manipulates an Instrument in order to achieve a Purpose. 'For cold conditions, we recommend that you use a heat gun or a hair dryer to make the adhesive work better. '"
Using_resource,"An Agent has access to a finite amount of some Resource and uses it in some way to complete a Purpose. The specific Portion of the Resource may be stated, and after the Resource is spent, it is no lon..."
Vehicle,The frame concerns the vehicles that human beings use for the purpose of transportation. 'I drove a limo to the school dance.'
Vehicle_departure_initial_stage,A Vehicle moves into position or otherwise changes configuration or state as preparation for normal operation. The focus of the event is on the state of the Vehicle rather than any agent which is mani...
Vehicle_landing,"A flying Vehicle comes to the ground at a Goal in a controlled fashion, typically (but not necessarily) operated by an operator. 'A police helicopter landed just outside my neighborhood at around midn..."
Vehicle_subpart,An entity is integrated into a vehicle as a Part of a (possibly unexpressed) Whole which may refer to the whole vehicle or merely to a sub-part of the vehicle. '' 'The car's engine started smoking so ...
Verdict,"In this frame, which is a part of the Trial sequence, a Judge gives a Finding with respect to the Charges against the Defendant in a particular Case. 'He was convicted of fraud by Judge Judy.'"
Verification,"An Inspector attains a degree of certainty in the Unconfirmed_content, generally by inspecting some evidence. 'This note confirms my suspicions.'"
Version_sequence,"An entity goes through several versions, from initial to final. 'This is my first draft.'"
Victim_operated_IED,"An improvised explosive device, the Bomb, is placed so as to be hidden from view or disguised as something not harmful. It is rigged to detonate when triggered by actions of an intended Victim. Possib..."
Violence,"The words in this frame describe acts (or situations characterized by acts) that cause injury or harm. The acts may involve an Aggressor or Cause injuring a Victim, or Aggressors causing each other ha..."
Visiting,"An Agent matches location with an Entity in order to fulfill some Purpose. Quite often, the Purpose is social- or entertainment-oriented. 'I ca n't remember how many times he visited ! DNI' 'Now she w..."
Vocalizations,"This frame is concerned with the sounds produced by animate entities by means of their vocal tracts. Descriptions of sounds from artifacts meant to emulate such sounds, or to act as vocalizing animals..."
Volubility,"These words describe the size of message that a Speaker is judged by a (usually unexpressed) Judge to give, either in a specific occasion or Topic or in general. As in other communication frames, Medi..."
Wagering,"A Gambler commits an Asset to a prediction that an Uncertain_situation will have a particular Outcome (or class of outcomes). He or she loses the Asset if the prediction ends up being incorrect, and g..."
Waiting,A Protagonist delays a planned action because they cannot or do not want to proceed until an Expected_event occurs. The Expected_event may be evoked by reference to a Salient_entity that participates ...
Waking_up,A Sleeper transitions from a state of consciousness where they are largely unaware of their environment to a wakeful state. 'William awoke from a dream.'
Want_suspect,A Suspect has been investigated and has a warrant issued for his or her arrest on certain Charges. ' Bill is wanted on murder charges. '
Warning,A Speaker warns an Addressee by giving a Message that describes an undesirable situation that may affect the Addressee. The warning may alternatively be described as about Topic pertaining to the unde...
Waver_between_options,A Cognizer faces a choice on some Issue. They have several Options available but keep changing their mind between Option_1 and Option_2. The Cognizer may in fact act on their choice at some point but ...
Wealthiness,"A Person or Institution is being described in terms of their wealthiness, in other words the amount of money in their possession. 'Jess is very rich.' 'The university is wealthy.'"
Weapon,"A Weapon is an artifact created specifically to cause harm or damage. In some cases, a Use, Material of construction, Part or Type may be more narrowly specified. 'Did you, or did you not, fire this g..."
Wearing,The words in this frame refer to what Clothing the Wearer (or a specific Body_part of the Wearer) has on. 'I had on the most ridiculous monkey-suit you could imagine.' 'These two losers were wearing b...
Weather,"Ambient conditions of temperature, precipitation, windiness, and sunniness pertain at a certain Place and Time. Further Specification of the conditions that pertain may also be indicated. 'A blustery ..."
Willingness,A Cognizer would engage in an Activity if asked or otherwise prompted to do so. 'The court is willing to depart from the usual range of sentencing .' 'The Nicaraguan National Assembly has been relucta...
Win_prize,A Competitor claims a Prize as a result of the outcome of their participation in a Competition. Competition is meant to be construed broadly to include cases where there is no skill involved as well a...
Withdraw_from_participation,"An individual that is scheduled to be a Participant, or already is a Participant in an Activity or an Organization, indicates that they will no not or no longer participate in that Activity or Organiz..."
Within_distance,"As is usual for locative relations, the location of the Figure is specified as being inside a region defined relative to the Ground. In this case, the region measures outward from the Ground with a wi..."
Word_relations,"One linguistic unit, Sign_1, has a relation to another linguistic unit, Sign_2. This relation may be semantic, phonological, orthographic, or distributional in nature. The parameter along which the tw..."
Work,"An Agent expends effort towards achieving a Goal. Alternatively, a Salient_entity involved in the Goal can be expressed in place of a Goal expression. 'In addition, our organization will work on impro..."
Working_a_post,"The Agent is assigned to a Post where he or she performs a task associated with that Post. Alternatively, the Agent is expressed as acting with respect to a Salient_entity associated with the task. In..."
